2026-04-28 17:58:34.429 [background-preinit] INFO  org.hibernate.validator.internal.util.Version-HV000001: Hibernate Validator 8.0.3.Final
2026-04-28 17:58:34.497 [restartedMain] INFO  com.qk.QkApp-Starting QkApp using Java 21.0.10 with PID 8628 (C:\Project\itheima-hz-01\qk-parent\qk-management\target\classes started by 33465 in C:\Project\itheima-hz-01\qk-parent)
2026-04-28 17:58:34.498 [restartedMain] INFO  com.qk.QkApp-No active profile set, falling back to 1 default profile: "default"
2026-04-28 17:58:34.554 [restartedMain] INFO  o.s.b.d.env.DevToolsPropertyDefaultsPostProcessor-Devtools property defaults active! Set 'spring.devtools.add-properties' to 'false' to disable
2026-04-28 17:58:34.554 [restartedMain] INFO  o.s.b.d.env.DevToolsPropertyDefaultsPostProcessor-For additional web related logging consider setting the 'logging.level.web' property to 'DEBUG'
2026-04-28 17:58:35.713 [restartedMain] WARN  o.s.b.w.s.c.AnnotationConfigServletWebServerApplicationContext-Exception encountered during context initialization - cancelling refresh attempt: org.springframework.beans.factory.BeanDefinitionStoreException: Invalid bean definition with name 'courseMapper' defined in file [C:\Project\itheima-hz-01\qk-parent\qk-management\target\classes\com\qk\management\mapper\CourseMapper.class]: Invalid value type for attribute 'factoryBeanObjectType': java.lang.String
2026-04-28 17:58:35.723 [restartedMain] INFO  o.s.b.a.logging.ConditionEvaluationReportLogger-

Error starting ApplicationContext. To display the condition evaluation report re-run your application with 'debug' enabled.
2026-04-28 17:58:35.758 [restartedMain] ERROR org.springframework.boot.SpringApplication-Application run failed
org.springframework.beans.factory.BeanDefinitionStoreException: Invalid bean definition with name 'courseMapper' defined in file [C:\Project\itheima-hz-01\qk-parent\qk-management\target\classes\com\qk\management\mapper\CourseMapper.class]: Invalid value type for attribute 'factoryBeanObjectType': java.lang.String
	at org.springframework.beans.factory.support.AbstractAutowireCapableBeanFactory.getTypeForFactoryBean(AbstractAutowireCapableBeanFactory.java:864)
	at org.springframework.beans.factory.support.AbstractBeanFactory.getType(AbstractBeanFactory.java:744)
	at org.springframework.beans.factory.support.DefaultListableBeanFactory.findAnnotationOnBean(DefaultListableBeanFactory.java:818)
	at org.springframework.boot.sql.init.dependency.AnnotationDependsOnDatabaseInitializationDetector.detect(AnnotationDependsOnDatabaseInitializationDetector.java:36)
	at org.springframework.boot.sql.init.dependency.DatabaseInitializationDependencyConfigurer$DependsOnDatabaseInitializationPostProcessor.detectDependsOnInitializationBeanNames(DatabaseInitializationDependencyConfigurer.java:152)
	at org.springframework.boot.sql.init.dependency.DatabaseInitializationDependencyConfigurer$DependsOnDatabaseInitializationPostProcessor.postProcessBeanFactory(DatabaseInitializationDependencyConfigurer.java:115)
	at org.springframework.context.support.PostProcessorRegistrationDelegate.invokeBeanFactoryPostProcessors(PostProcessorRegistrationDelegate.java:363)
	at org.springframework.context.support.PostProcessorRegistrationDelegate.invokeBeanFactoryPostProcessors(PostProcessorRegistrationDelegate.java:197)
	at org.springframework.context.support.AbstractApplicationContext.invokeBeanFactoryPostProcessors(AbstractApplicationContext.java:792)
	at org.springframework.context.support.AbstractApplicationContext.refresh(AbstractApplicationContext.java:610)
	at org.springframework.boot.web.servlet.context.ServletWebServerApplicationContext.refresh(ServletWebServerApplicationContext.java:146)
	at org.springframework.boot.SpringApplication.refresh(SpringApplication.java:752)
	at org.springframework.boot.SpringApplication.refreshContext(SpringApplication.java:439)
	at org.springframework.boot.SpringApplication.run(SpringApplication.java:318)
	at org.springframework.boot.SpringApplication.run(SpringApplication.java:1361)
	at org.springframework.boot.SpringApplication.run(SpringApplication.java:1350)
	at com.qk.QkApp.main(QkApp.java:12)
	at java.base/jdk.internal.reflect.DirectMethodHandleAccessor.invoke(DirectMethodHandleAccessor.java:103)
	at java.base/java.lang.reflect.Method.invoke(Method.java:580)
	at org.springframework.boot.devtools.restart.RestartLauncher.run(RestartLauncher.java:50)
2026-04-28 18:04:04.548 [background-preinit] INFO  org.hibernate.validator.internal.util.Version-HV000001: Hibernate Validator 8.0.3.Final
2026-04-28 18:04:04.600 [restartedMain] INFO  com.qk.QkApp-Starting QkApp using Java 21.0.10 with PID 24524 (C:\Project\itheima-hz-01\qk-parent\qk-management\target\classes started by 33465 in C:\Project\itheima-hz-01\qk-parent)
2026-04-28 18:04:04.600 [restartedMain] INFO  com.qk.QkApp-No active profile set, falling back to 1 default profile: "default"
2026-04-28 18:04:04.647 [restartedMain] INFO  o.s.b.d.env.DevToolsPropertyDefaultsPostProcessor-Devtools property defaults active! Set 'spring.devtools.add-properties' to 'false' to disable
2026-04-28 18:04:04.647 [restartedMain] INFO  o.s.b.d.env.DevToolsPropertyDefaultsPostProcessor-For additional web related logging consider setting the 'logging.level.web' property to 'DEBUG'
2026-04-28 18:04:05.583 [restartedMain] WARN  o.s.b.w.s.c.AnnotationConfigServletWebServerApplicationContext-Exception encountered during context initialization - cancelling refresh attempt: org.springframework.beans.factory.BeanDefinitionStoreException: Invalid bean definition with name 'courseMapper' defined in file [C:\Project\itheima-hz-01\qk-parent\qk-management\target\classes\com\qk\management\mapper\CourseMapper.class]: Invalid value type for attribute 'factoryBeanObjectType': java.lang.String
2026-04-28 18:04:05.589 [restartedMain] INFO  o.s.b.a.logging.ConditionEvaluationReportLogger-

Error starting ApplicationContext. To display the condition evaluation report re-run your application with 'debug' enabled.
2026-04-28 18:04:05.611 [restartedMain] ERROR org.springframework.boot.SpringApplication-Application run failed
org.springframework.beans.factory.BeanDefinitionStoreException: Invalid bean definition with name 'courseMapper' defined in file [C:\Project\itheima-hz-01\qk-parent\qk-management\target\classes\com\qk\management\mapper\CourseMapper.class]: Invalid value type for attribute 'factoryBeanObjectType': java.lang.String
	at org.springframework.beans.factory.support.AbstractAutowireCapableBeanFactory.getTypeForFactoryBean(AbstractAutowireCapableBeanFactory.java:864)
	at org.springframework.beans.factory.support.AbstractBeanFactory.getType(AbstractBeanFactory.java:744)
	at org.springframework.beans.factory.support.DefaultListableBeanFactory.findAnnotationOnBean(DefaultListableBeanFactory.java:818)
	at org.springframework.boot.sql.init.dependency.AnnotationDependsOnDatabaseInitializationDetector.detect(AnnotationDependsOnDatabaseInitializationDetector.java:36)
	at org.springframework.boot.sql.init.dependency.DatabaseInitializationDependencyConfigurer$DependsOnDatabaseInitializationPostProcessor.detectDependsOnInitializationBeanNames(DatabaseInitializationDependencyConfigurer.java:152)
	at org.springframework.boot.sql.init.dependency.DatabaseInitializationDependencyConfigurer$DependsOnDatabaseInitializationPostProcessor.postProcessBeanFactory(DatabaseInitializationDependencyConfigurer.java:115)
	at org.springframework.context.support.PostProcessorRegistrationDelegate.invokeBeanFactoryPostProcessors(PostProcessorRegistrationDelegate.java:363)
	at org.springframework.context.support.PostProcessorRegistrationDelegate.invokeBeanFactoryPostProcessors(PostProcessorRegistrationDelegate.java:197)
	at org.springframework.context.support.AbstractApplicationContext.invokeBeanFactoryPostProcessors(AbstractApplicationContext.java:792)
	at org.springframework.context.support.AbstractApplicationContext.refresh(AbstractApplicationContext.java:610)
	at org.springframework.boot.web.servlet.context.ServletWebServerApplicationContext.refresh(ServletWebServerApplicationContext.java:146)
	at org.springframework.boot.SpringApplication.refresh(SpringApplication.java:752)
	at org.springframework.boot.SpringApplication.refreshContext(SpringApplication.java:439)
	at org.springframework.boot.SpringApplication.run(SpringApplication.java:318)
	at org.springframework.boot.SpringApplication.run(SpringApplication.java:1361)
	at org.springframework.boot.SpringApplication.run(SpringApplication.java:1350)
	at com.qk.QkApp.main(QkApp.java:12)
	at java.base/jdk.internal.reflect.DirectMethodHandleAccessor.invoke(DirectMethodHandleAccessor.java:103)
	at java.base/java.lang.reflect.Method.invoke(Method.java:580)
	at org.springframework.boot.devtools.restart.RestartLauncher.run(RestartLauncher.java:50)
2026-04-28 18:05:44.292 [background-preinit] INFO  org.hibernate.validator.internal.util.Version-HV000001: Hibernate Validator 8.0.3.Final
2026-04-28 18:05:44.339 [restartedMain] INFO  com.qk.QkApp-Starting QkApp using Java 21.0.10 with PID 1452 (C:\Project\itheima-hz-01\qk-parent\qk-management\target\classes started by 33465 in C:\Project\itheima-hz-01\qk-parent)
2026-04-28 18:05:44.340 [restartedMain] INFO  com.qk.QkApp-No active profile set, falling back to 1 default profile: "default"
2026-04-28 18:05:44.392 [restartedMain] INFO  o.s.b.d.env.DevToolsPropertyDefaultsPostProcessor-Devtools property defaults active! Set 'spring.devtools.add-properties' to 'false' to disable
2026-04-28 18:05:44.392 [restartedMain] INFO  o.s.b.d.env.DevToolsPropertyDefaultsPostProcessor-For additional web related logging consider setting the 'logging.level.web' property to 'DEBUG'
2026-04-28 18:05:45.329 [restartedMain] WARN  o.s.b.w.s.c.AnnotationConfigServletWebServerApplicationContext-Exception encountered during context initialization - cancelling refresh attempt: org.springframework.beans.factory.BeanDefinitionStoreException: Invalid bean definition with name 'courseMapper' defined in file [C:\Project\itheima-hz-01\qk-parent\qk-management\target\classes\com\qk\management\mapper\CourseMapper.class]: Invalid value type for attribute 'factoryBeanObjectType': java.lang.String
2026-04-28 18:05:45.336 [restartedMain] INFO  o.s.b.a.logging.ConditionEvaluationReportLogger-

Error starting ApplicationContext. To display the condition evaluation report re-run your application with 'debug' enabled.
2026-04-28 18:05:45.360 [restartedMain] ERROR org.springframework.boot.SpringApplication-Application run failed
org.springframework.beans.factory.BeanDefinitionStoreException: Invalid bean definition with name 'courseMapper' defined in file [C:\Project\itheima-hz-01\qk-parent\qk-management\target\classes\com\qk\management\mapper\CourseMapper.class]: Invalid value type for attribute 'factoryBeanObjectType': java.lang.String
	at org.springframework.beans.factory.support.AbstractAutowireCapableBeanFactory.getTypeForFactoryBean(AbstractAutowireCapableBeanFactory.java:864)
	at org.springframework.beans.factory.support.AbstractBeanFactory.getType(AbstractBeanFactory.java:744)
	at org.springframework.beans.factory.support.DefaultListableBeanFactory.findAnnotationOnBean(DefaultListableBeanFactory.java:818)
	at org.springframework.boot.sql.init.dependency.AnnotationDependsOnDatabaseInitializationDetector.detect(AnnotationDependsOnDatabaseInitializationDetector.java:36)
	at org.springframework.boot.sql.init.dependency.DatabaseInitializationDependencyConfigurer$DependsOnDatabaseInitializationPostProcessor.detectDependsOnInitializationBeanNames(DatabaseInitializationDependencyConfigurer.java:152)
	at org.springframework.boot.sql.init.dependency.DatabaseInitializationDependencyConfigurer$DependsOnDatabaseInitializationPostProcessor.postProcessBeanFactory(DatabaseInitializationDependencyConfigurer.java:115)
	at org.springframework.context.support.PostProcessorRegistrationDelegate.invokeBeanFactoryPostProcessors(PostProcessorRegistrationDelegate.java:363)
	at org.springframework.context.support.PostProcessorRegistrationDelegate.invokeBeanFactoryPostProcessors(PostProcessorRegistrationDelegate.java:197)
	at org.springframework.context.support.AbstractApplicationContext.invokeBeanFactoryPostProcessors(AbstractApplicationContext.java:792)
	at org.springframework.context.support.AbstractApplicationContext.refresh(AbstractApplicationContext.java:610)
	at org.springframework.boot.web.servlet.context.ServletWebServerApplicationContext.refresh(ServletWebServerApplicationContext.java:146)
	at org.springframework.boot.SpringApplication.refresh(SpringApplication.java:752)
	at org.springframework.boot.SpringApplication.refreshContext(SpringApplication.java:439)
	at org.springframework.boot.SpringApplication.run(SpringApplication.java:318)
	at org.springframework.boot.SpringApplication.run(SpringApplication.java:1361)
	at org.springframework.boot.SpringApplication.run(SpringApplication.java:1350)
	at com.qk.QkApp.main(QkApp.java:12)
	at java.base/jdk.internal.reflect.DirectMethodHandleAccessor.invoke(DirectMethodHandleAccessor.java:103)
	at java.base/java.lang.reflect.Method.invoke(Method.java:580)
	at org.springframework.boot.devtools.restart.RestartLauncher.run(RestartLauncher.java:50)
2026-04-28 18:09:50.562 [background-preinit] INFO  org.hibernate.validator.internal.util.Version-HV000001: Hibernate Validator 8.0.3.Final
2026-04-28 18:09:50.620 [restartedMain] INFO  com.qk.QkApp-Starting QkApp using Java 21.0.10 with PID 16420 (C:\Project\itheima-hz-01\qk-parent\qk-management\target\classes started by 33465 in C:\Project\itheima-hz-01\qk-parent)
2026-04-28 18:09:50.621 [restartedMain] INFO  com.qk.QkApp-No active profile set, falling back to 1 default profile: "default"
2026-04-28 18:09:50.665 [restartedMain] INFO  o.s.b.d.env.DevToolsPropertyDefaultsPostProcessor-Devtools property defaults active! Set 'spring.devtools.add-properties' to 'false' to disable
2026-04-28 18:09:50.665 [restartedMain] INFO  o.s.b.d.env.DevToolsPropertyDefaultsPostProcessor-For additional web related logging consider setting the 'logging.level.web' property to 'DEBUG'
2026-04-28 18:09:51.626 [restartedMain] WARN  o.s.b.w.s.c.AnnotationConfigServletWebServerApplicationContext-Exception encountered during context initialization - cancelling refresh attempt: org.springframework.beans.factory.BeanDefinitionStoreException: Invalid bean definition with name 'courseMapper' defined in file [C:\Project\itheima-hz-01\qk-parent\qk-management\target\classes\com\qk\management\mapper\CourseMapper.class]: Invalid value type for attribute 'factoryBeanObjectType': java.lang.String
2026-04-28 18:09:51.633 [restartedMain] INFO  o.s.b.a.logging.ConditionEvaluationReportLogger-

Error starting ApplicationContext. To display the condition evaluation report re-run your application with 'debug' enabled.
2026-04-28 18:09:51.656 [restartedMain] ERROR org.springframework.boot.SpringApplication-Application run failed
org.springframework.beans.factory.BeanDefinitionStoreException: Invalid bean definition with name 'courseMapper' defined in file [C:\Project\itheima-hz-01\qk-parent\qk-management\target\classes\com\qk\management\mapper\CourseMapper.class]: Invalid value type for attribute 'factoryBeanObjectType': java.lang.String
	at org.springframework.beans.factory.support.AbstractAutowireCapableBeanFactory.getTypeForFactoryBean(AbstractAutowireCapableBeanFactory.java:864)
	at org.springframework.beans.factory.support.AbstractBeanFactory.getType(AbstractBeanFactory.java:744)
	at org.springframework.beans.factory.support.DefaultListableBeanFactory.findAnnotationOnBean(DefaultListableBeanFactory.java:818)
	at org.springframework.boot.sql.init.dependency.AnnotationDependsOnDatabaseInitializationDetector.detect(AnnotationDependsOnDatabaseInitializationDetector.java:36)
	at org.springframework.boot.sql.init.dependency.DatabaseInitializationDependencyConfigurer$DependsOnDatabaseInitializationPostProcessor.detectDependsOnInitializationBeanNames(DatabaseInitializationDependencyConfigurer.java:152)
	at org.springframework.boot.sql.init.dependency.DatabaseInitializationDependencyConfigurer$DependsOnDatabaseInitializationPostProcessor.postProcessBeanFactory(DatabaseInitializationDependencyConfigurer.java:115)
	at org.springframework.context.support.PostProcessorRegistrationDelegate.invokeBeanFactoryPostProcessors(PostProcessorRegistrationDelegate.java:363)
	at org.springframework.context.support.PostProcessorRegistrationDelegate.invokeBeanFactoryPostProcessors(PostProcessorRegistrationDelegate.java:197)
	at org.springframework.context.support.AbstractApplicationContext.invokeBeanFactoryPostProcessors(AbstractApplicationContext.java:792)
	at org.springframework.context.support.AbstractApplicationContext.refresh(AbstractApplicationContext.java:610)
	at org.springframework.boot.web.servlet.context.ServletWebServerApplicationContext.refresh(ServletWebServerApplicationContext.java:146)
	at org.springframework.boot.SpringApplication.refresh(SpringApplication.java:752)
	at org.springframework.boot.SpringApplication.refreshContext(SpringApplication.java:439)
	at org.springframework.boot.SpringApplication.run(SpringApplication.java:318)
	at org.springframework.boot.SpringApplication.run(SpringApplication.java:1361)
	at org.springframework.boot.SpringApplication.run(SpringApplication.java:1350)
	at com.qk.QkApp.main(QkApp.java:12)
	at java.base/jdk.internal.reflect.DirectMethodHandleAccessor.invoke(DirectMethodHandleAccessor.java:103)
	at java.base/java.lang.reflect.Method.invoke(Method.java:580)
	at org.springframework.boot.devtools.restart.RestartLauncher.run(RestartLauncher.java:50)
2026-04-28 18:10:53.025 [main] INFO  o.s.t.c.support.AnnotationConfigContextLoaderUtils-Could not detect default configuration classes for test class [com.qk.management.mapper.DeptMapperTest]: DeptMapperTest does not declare any static, non-private, non-final, nested classes annotated with @Configuration.
2026-04-28 18:10:53.174 [main] INFO  o.s.b.t.context.SpringBootTestContextBootstrapper-Found @SpringBootConfiguration com.qk.QkApp for test class com.qk.management.mapper.DeptMapperTest
2026-04-28 18:10:53.360 [main] INFO  o.s.b.devtools.restart.RestartApplicationListener-Restart disabled due to context in which it is running
2026-04-28 18:10:53.660 [background-preinit] INFO  org.hibernate.validator.internal.util.Version-HV000001: Hibernate Validator 8.0.3.Final
2026-04-28 18:10:53.702 [main] INFO  com.qk.management.mapper.DeptMapperTest-Starting DeptMapperTest using Java 21.0.10 with PID 15064 (started by 33465 in C:\Project\itheima-hz-01\qk-parent\qk-management)
2026-04-28 18:10:53.703 [main] INFO  com.qk.management.mapper.DeptMapperTest-No active profile set, falling back to 1 default profile: "default"
2026-04-28 18:10:54.734 [main] WARN  o.s.w.context.support.GenericWebApplicationContext-Exception encountered during context initialization - cancelling refresh attempt: org.springframework.beans.factory.BeanDefinitionStoreException: Invalid bean definition with name 'courseMapper' defined in file [C:\Project\itheima-hz-01\qk-parent\qk-management\target\classes\com\qk\management\mapper\CourseMapper.class]: Invalid value type for attribute 'factoryBeanObjectType': java.lang.String
2026-04-28 18:10:54.757 [main] INFO  o.s.b.a.logging.ConditionEvaluationReportLogger-

Error starting ApplicationContext. To display the condition evaluation report re-run your application with 'debug' enabled.
2026-04-28 18:10:54.785 [main] ERROR org.springframework.boot.SpringApplication-Application run failed
org.springframework.beans.factory.BeanDefinitionStoreException: Invalid bean definition with name 'courseMapper' defined in file [C:\Project\itheima-hz-01\qk-parent\qk-management\target\classes\com\qk\management\mapper\CourseMapper.class]: Invalid value type for attribute 'factoryBeanObjectType': java.lang.String
	at org.springframework.beans.factory.support.AbstractAutowireCapableBeanFactory.getTypeForFactoryBean(AbstractAutowireCapableBeanFactory.java:864)
	at org.springframework.beans.factory.support.AbstractBeanFactory.getType(AbstractBeanFactory.java:744)
	at org.springframework.beans.factory.support.DefaultListableBeanFactory.findAnnotationOnBean(DefaultListableBeanFactory.java:818)
	at org.springframework.boot.sql.init.dependency.AnnotationDependsOnDatabaseInitializationDetector.detect(AnnotationDependsOnDatabaseInitializationDetector.java:36)
	at org.springframework.boot.sql.init.dependency.DatabaseInitializationDependencyConfigurer$DependsOnDatabaseInitializationPostProcessor.detectDependsOnInitializationBeanNames(DatabaseInitializationDependencyConfigurer.java:152)
	at org.springframework.boot.sql.init.dependency.DatabaseInitializationDependencyConfigurer$DependsOnDatabaseInitializationPostProcessor.postProcessBeanFactory(DatabaseInitializationDependencyConfigurer.java:115)
	at org.springframework.context.support.PostProcessorRegistrationDelegate.invokeBeanFactoryPostProcessors(PostProcessorRegistrationDelegate.java:363)
	at org.springframework.context.support.PostProcessorRegistrationDelegate.invokeBeanFactoryPostProcessors(PostProcessorRegistrationDelegate.java:197)
	at org.springframework.context.support.AbstractApplicationContext.invokeBeanFactoryPostProcessors(AbstractApplicationContext.java:792)
	at org.springframework.context.support.AbstractApplicationContext.refresh(AbstractApplicationContext.java:610)
	at org.springframework.boot.SpringApplication.refresh(SpringApplication.java:752)
	at org.springframework.boot.SpringApplication.refreshContext(SpringApplication.java:439)
	at org.springframework.boot.SpringApplication.run(SpringApplication.java:318)
	at org.springframework.boot.test.context.SpringBootContextLoader.lambda$loadContext$3(SpringBootContextLoader.java:151)
	at org.springframework.util.function.ThrowingSupplier.get(ThrowingSupplier.java:58)
	at org.springframework.util.function.ThrowingSupplier.get(ThrowingSupplier.java:46)
	at org.springframework.boot.SpringApplication.withHook(SpringApplication.java:1461)
	at org.springframework.boot.test.context.SpringBootContextLoader$ContextLoaderHook.run(SpringBootContextLoader.java:590)
	at org.springframework.boot.test.context.SpringBootContextLoader.loadContext(SpringBootContextLoader.java:151)
	at org.springframework.boot.test.context.SpringBootContextLoader.loadContext(SpringBootContextLoader.java:110)
	at org.springframework.test.context.cache.DefaultCacheAwareContextLoaderDelegate.loadContextInternal(DefaultCacheAwareContextLoaderDelegate.java:225)
	at org.springframework.test.context.cache.DefaultCacheAwareContextLoaderDelegate.loadContext(DefaultCacheAwareContextLoaderDelegate.java:152)
	at org.springframework.test.context.support.DefaultTestContext.getApplicationContext(DefaultTestContext.java:130)
	at org.springframework.test.context.web.ServletTestExecutionListener.setUpRequestContextIfNecessary(ServletTestExecutionListener.java:200)
	at org.springframework.test.context.web.ServletTestExecutionListener.prepareTestInstance(ServletTestExecutionListener.java:139)
	at org.springframework.test.context.TestContextManager.prepareTestInstance(TestContextManager.java:260)
	at org.springframework.test.context.junit.jupiter.SpringExtension.postProcessTestInstance(SpringExtension.java:159)
	at org.junit.jupiter.engine.descriptor.ClassBasedTestDescriptor.lambda$invokeTestInstancePostProcessors$10(ClassBasedTestDescriptor.java:383)
	at org.junit.jupiter.engine.descriptor.ClassBasedTestDescriptor.executeAndMaskThrowable(ClassBasedTestDescriptor.java:388)
	at org.junit.jupiter.engine.descriptor.ClassBasedTestDescriptor.lambda$invokeTestInstancePostProcessors$11(ClassBasedTestDescriptor.java:382)
	at java.base/java.util.stream.ForEachOps$ForEachOp$OfRef.accept(ForEachOps.java:184)
	at java.base/java.util.stream.ReferencePipeline$3$1.accept(ReferencePipeline.java:197)
	at java.base/java.util.stream.ReferencePipeline$2$1.accept(ReferencePipeline.java:179)
	at java.base/java.util.stream.ReferencePipeline$3$1.accept(ReferencePipeline.java:197)
	at java.base/java.util.ArrayList$ArrayListSpliterator.forEachRemaining(ArrayList.java:1708)
	at java.base/java.util.stream.AbstractPipeline.copyInto(AbstractPipeline.java:509)
	at java.base/java.util.stream.AbstractPipeline.wrapAndCopyInto(AbstractPipeline.java:499)
	at java.base/java.util.stream.ForEachOps$ForEachOp.evaluateSequential(ForEachOps.java:151)
	at java.base/java.util.stream.ForEachOps$ForEachOp$OfRef.evaluateSequential(ForEachOps.java:174)
	at java.base/java.util.stream.AbstractPipeline.evaluate(AbstractPipeline.java:234)
	at java.base/java.util.stream.ReferencePipeline.forEach(ReferencePipeline.java:596)
	at org.junit.jupiter.engine.descriptor.ClassBasedTestDescriptor.invokeTestInstancePostProcessors(ClassBasedTestDescriptor.java:382)
	at org.junit.jupiter.engine.descriptor.ClassBasedTestDescriptor.lambda$instantiateAndPostProcessTestInstance$6(ClassBasedTestDescriptor.java:293)
	at org.junit.platform.engine.support.hierarchical.ThrowableCollector.execute(ThrowableCollector.java:73)
	at org.junit.jupiter.engine.descriptor.ClassBasedTestDescriptor.instantiateAndPostProcessTestInstance(ClassBasedTestDescriptor.java:292)
	at org.junit.jupiter.engine.descriptor.ClassBasedTestDescriptor.lambda$testInstancesProvider$4(ClassBasedTestDescriptor.java:281)
	at java.base/java.util.Optional.orElseGet(Optional.java:364)
	at org.junit.jupiter.engine.descriptor.ClassBasedTestDescriptor.lambda$testInstancesProvider$5(ClassBasedTestDescriptor.java:280)
	at org.junit.jupiter.engine.execution.TestInstancesProvider.getTestInstances(TestInstancesProvider.java:27)
	at org.junit.jupiter.engine.descriptor.TestMethodTestDescriptor.lambda$prepare$0(TestMethodTestDescriptor.java:112)
	at org.junit.platform.engine.support.hierarchical.ThrowableCollector.execute(ThrowableCollector.java:73)
	at org.junit.jupiter.engine.descriptor.TestMethodTestDescriptor.prepare(TestMethodTestDescriptor.java:111)
	at org.junit.jupiter.engine.descriptor.TestMethodTestDescriptor.prepare(TestMethodTestDescriptor.java:69)
	at org.junit.platform.engine.support.hierarchical.NodeTestTask.lambda$prepare$2(NodeTestTask.java:128)
	at org.junit.platform.engine.support.hierarchical.ThrowableCollector.execute(ThrowableCollector.java:73)
	at org.junit.platform.engine.support.hierarchical.NodeTestTask.prepare(NodeTestTask.java:128)
	at org.junit.platform.engine.support.hierarchical.NodeTestTask.execute(NodeTestTask.java:95)
	at java.base/java.util.ArrayList.forEach(ArrayList.java:1596)
	at org.junit.platform.engine.support.hierarchical.SameThreadHierarchicalTestExecutorService.invokeAll(SameThreadHierarchicalTestExecutorService.java:41)
	at org.junit.platform.engine.support.hierarchical.NodeTestTask.lambda$executeRecursively$6(NodeTestTask.java:160)
	at org.junit.platform.engine.support.hierarchical.ThrowableCollector.execute(ThrowableCollector.java:73)
	at org.junit.platform.engine.support.hierarchical.NodeTestTask.lambda$executeRecursively$8(NodeTestTask.java:146)
	at org.junit.platform.engine.support.hierarchical.Node.around(Node.java:137)
	at org.junit.platform.engine.support.hierarchical.NodeTestTask.lambda$executeRecursively$9(NodeTestTask.java:144)
	at org.junit.platform.engine.support.hierarchical.ThrowableCollector.execute(ThrowableCollector.java:73)
	at org.junit.platform.engine.support.hierarchical.NodeTestTask.executeRecursively(NodeTestTask.java:143)
	at org.junit.platform.engine.support.hierarchical.NodeTestTask.execute(NodeTestTask.java:100)
	at java.base/java.util.ArrayList.forEach(ArrayList.java:1596)
	at org.junit.platform.engine.support.hierarchical.SameThreadHierarchicalTestExecutorService.invokeAll(SameThreadHierarchicalTestExecutorService.java:41)
	at org.junit.platform.engine.support.hierarchical.NodeTestTask.lambda$executeRecursively$6(NodeTestTask.java:160)
	at org.junit.platform.engine.support.hierarchical.ThrowableCollector.execute(ThrowableCollector.java:73)
	at org.junit.platform.engine.support.hierarchical.NodeTestTask.lambda$executeRecursively$8(NodeTestTask.java:146)
	at org.junit.platform.engine.support.hierarchical.Node.around(Node.java:137)
	at org.junit.platform.engine.support.hierarchical.NodeTestTask.lambda$executeRecursively$9(NodeTestTask.java:144)
	at org.junit.platform.engine.support.hierarchical.ThrowableCollector.execute(ThrowableCollector.java:73)
	at org.junit.platform.engine.support.hierarchical.NodeTestTask.executeRecursively(NodeTestTask.java:143)
	at org.junit.platform.engine.support.hierarchical.NodeTestTask.execute(NodeTestTask.java:100)
	at org.junit.platform.engine.support.hierarchical.SameThreadHierarchicalTestExecutorService.submit(SameThreadHierarchicalTestExecutorService.java:35)
	at org.junit.platform.engine.support.hierarchical.HierarchicalTestExecutor.execute(HierarchicalTestExecutor.java:57)
	at org.junit.platform.engine.support.hierarchical.HierarchicalTestEngine.execute(HierarchicalTestEngine.java:54)
	at org.junit.platform.launcher.core.EngineExecutionOrchestrator.execute(EngineExecutionOrchestrator.java:201)
	at org.junit.platform.launcher.core.EngineExecutionOrchestrator.execute(EngineExecutionOrchestrator.java:170)
	at org.junit.platform.launcher.core.EngineExecutionOrchestrator.execute(EngineExecutionOrchestrator.java:94)
	at org.junit.platform.launcher.core.EngineExecutionOrchestrator.lambda$execute$0(EngineExecutionOrchestrator.java:59)
	at org.junit.platform.launcher.core.EngineExecutionOrchestrator.withInterceptedStreams(EngineExecutionOrchestrator.java:142)
	at org.junit.platform.launcher.core.EngineExecutionOrchestrator.execute(EngineExecutionOrchestrator.java:58)
	at org.junit.platform.launcher.core.DefaultLauncher.execute(DefaultLauncher.java:103)
	at org.junit.platform.launcher.core.DefaultLauncher.execute(DefaultLauncher.java:85)
	at org.junit.platform.launcher.core.DelegatingLauncher.execute(DelegatingLauncher.java:47)
	at org.junit.platform.launcher.core.InterceptingLauncher.lambda$execute$1(InterceptingLauncher.java:39)
	at org.junit.platform.launcher.core.ClasspathAlignmentCheckingLauncherInterceptor.intercept(ClasspathAlignmentCheckingLauncherInterceptor.java:25)
	at org.junit.platform.launcher.core.InterceptingLauncher.execute(InterceptingLauncher.java:38)
	at org.junit.platform.launcher.core.DelegatingLauncher.execute(DelegatingLauncher.java:47)
	at org.apache.maven.surefire.junitplatform.LazyLauncher.execute(LazyLauncher.java:56)
	at org.apache.maven.surefire.junitplatform.JUnitPlatformProvider.execute(JUnitPlatformProvider.java:184)
	at org.apache.maven.surefire.junitplatform.JUnitPlatformProvider.invokeAllTests(JUnitPlatformProvider.java:148)
	at org.apache.maven.surefire.junitplatform.JUnitPlatformProvider.invoke(JUnitPlatformProvider.java:122)
	at org.apache.maven.surefire.booter.ForkedBooter.runSuitesInProcess(ForkedBooter.java:385)
	at org.apache.maven.surefire.booter.ForkedBooter.execute(ForkedBooter.java:162)
	at org.apache.maven.surefire.booter.ForkedBooter.run(ForkedBooter.java:507)
	at org.apache.maven.surefire.booter.ForkedBooter.main(ForkedBooter.java:495)
2026-04-28 18:10:54.794 [main] WARN  o.springframework.test.context.TestContextManager-Caught exception while allowing TestExecutionListener [org.springframework.test.context.web.ServletTestExecutionListener] to prepare test instance [com.qk.management.mapper.DeptMapperTest@781aff8b]
java.lang.IllegalStateException: Failed to load ApplicationContext for [WebMergedContextConfiguration@35e98af testClass = com.qk.management.mapper.DeptMapperTest, locations = [], classes = [com.qk.QkApp], contextInitializerClasses = [], activeProfiles = [], propertySourceDescriptors = [], propertySourceProperties = ["org.springframework.boot.test.context.SpringBootTestContextBootstrapper=true"], contextCustomizers = [org.springframework.boot.test.context.filter.ExcludeFilterContextCustomizer@1fc0053e, org.springframework.boot.test.json.DuplicateJsonObjectContextCustomizerFactory$DuplicateJsonObjectContextCustomizer@5db4c359, org.springframework.boot.test.mock.mockito.MockitoContextCustomizer@0, org.springframework.boot.test.web.client.TestRestTemplateContextCustomizer@74bdc168, org.springframework.boot.test.web.reactor.netty.DisableReactorResourceFactoryGlobalResourcesContextCustomizerFactory$DisableReactorResourceFactoryGlobalResourcesContextCustomizerCustomizer@754777cd, org.springframework.boot.test.autoconfigure.OnFailureConditionReportContextCustomizerFactory$OnFailureConditionReportContextCustomizer@4cc76301, org.springframework.boot.test.autoconfigure.actuate.observability.ObservabilityContextCustomizerFactory$DisableObservabilityContextCustomizer@1f, org.springframework.boot.test.autoconfigure.properties.PropertyMappingContextCustomizer@0, org.springframework.boot.test.autoconfigure.web.servlet.WebDriverContextCustomizer@759fad4, org.springframework.test.context.support.DynamicPropertiesContextCustomizer@0, org.springframework.boot.test.context.SpringBootTestAnnotation@b2330750], resourceBasePath = "src/main/webapp", contextLoader = org.springframework.boot.test.context.SpringBootContextLoader, parent = null]
	at org.springframework.test.context.cache.DefaultCacheAwareContextLoaderDelegate.loadContext(DefaultCacheAwareContextLoaderDelegate.java:180)
	at org.springframework.test.context.support.DefaultTestContext.getApplicationContext(DefaultTestContext.java:130)
	at org.springframework.test.context.web.ServletTestExecutionListener.setUpRequestContextIfNecessary(ServletTestExecutionListener.java:200)
	at org.springframework.test.context.web.ServletTestExecutionListener.prepareTestInstance(ServletTestExecutionListener.java:139)
	at org.springframework.test.context.TestContextManager.prepareTestInstance(TestContextManager.java:260)
	at org.springframework.test.context.junit.jupiter.SpringExtension.postProcessTestInstance(SpringExtension.java:159)
	at org.junit.jupiter.engine.descriptor.ClassBasedTestDescriptor.lambda$invokeTestInstancePostProcessors$10(ClassBasedTestDescriptor.java:383)
	at org.junit.jupiter.engine.descriptor.ClassBasedTestDescriptor.executeAndMaskThrowable(ClassBasedTestDescriptor.java:388)
	at org.junit.jupiter.engine.descriptor.ClassBasedTestDescriptor.lambda$invokeTestInstancePostProcessors$11(ClassBasedTestDescriptor.java:382)
	at java.base/java.util.stream.ForEachOps$ForEachOp$OfRef.accept(ForEachOps.java:184)
	at java.base/java.util.stream.ReferencePipeline$3$1.accept(ReferencePipeline.java:197)
	at java.base/java.util.stream.ReferencePipeline$2$1.accept(ReferencePipeline.java:179)
	at java.base/java.util.stream.ReferencePipeline$3$1.accept(ReferencePipeline.java:197)
	at java.base/java.util.ArrayList$ArrayListSpliterator.forEachRemaining(ArrayList.java:1708)
	at java.base/java.util.stream.AbstractPipeline.copyInto(AbstractPipeline.java:509)
	at java.base/java.util.stream.AbstractPipeline.wrapAndCopyInto(AbstractPipeline.java:499)
	at java.base/java.util.stream.ForEachOps$ForEachOp.evaluateSequential(ForEachOps.java:151)
	at java.base/java.util.stream.ForEachOps$ForEachOp$OfRef.evaluateSequential(ForEachOps.java:174)
	at java.base/java.util.stream.AbstractPipeline.evaluate(AbstractPipeline.java:234)
	at java.base/java.util.stream.ReferencePipeline.forEach(ReferencePipeline.java:596)
	at org.junit.jupiter.engine.descriptor.ClassBasedTestDescriptor.invokeTestInstancePostProcessors(ClassBasedTestDescriptor.java:382)
	at org.junit.jupiter.engine.descriptor.ClassBasedTestDescriptor.lambda$instantiateAndPostProcessTestInstance$6(ClassBasedTestDescriptor.java:293)
	at org.junit.platform.engine.support.hierarchical.ThrowableCollector.execute(ThrowableCollector.java:73)
	at org.junit.jupiter.engine.descriptor.ClassBasedTestDescriptor.instantiateAndPostProcessTestInstance(ClassBasedTestDescriptor.java:292)
	at org.junit.jupiter.engine.descriptor.ClassBasedTestDescriptor.lambda$testInstancesProvider$4(ClassBasedTestDescriptor.java:281)
	at java.base/java.util.Optional.orElseGet(Optional.java:364)
	at org.junit.jupiter.engine.descriptor.ClassBasedTestDescriptor.lambda$testInstancesProvider$5(ClassBasedTestDescriptor.java:280)
	at org.junit.jupiter.engine.execution.TestInstancesProvider.getTestInstances(TestInstancesProvider.java:27)
	at org.junit.jupiter.engine.descriptor.TestMethodTestDescriptor.lambda$prepare$0(TestMethodTestDescriptor.java:112)
	at org.junit.platform.engine.support.hierarchical.ThrowableCollector.execute(ThrowableCollector.java:73)
	at org.junit.jupiter.engine.descriptor.TestMethodTestDescriptor.prepare(TestMethodTestDescriptor.java:111)
	at org.junit.jupiter.engine.descriptor.TestMethodTestDescriptor.prepare(TestMethodTestDescriptor.java:69)
	at org.junit.platform.engine.support.hierarchical.NodeTestTask.lambda$prepare$2(NodeTestTask.java:128)
	at org.junit.platform.engine.support.hierarchical.ThrowableCollector.execute(ThrowableCollector.java:73)
	at org.junit.platform.engine.support.hierarchical.NodeTestTask.prepare(NodeTestTask.java:128)
	at org.junit.platform.engine.support.hierarchical.NodeTestTask.execute(NodeTestTask.java:95)
	at java.base/java.util.ArrayList.forEach(ArrayList.java:1596)
	at org.junit.platform.engine.support.hierarchical.SameThreadHierarchicalTestExecutorService.invokeAll(SameThreadHierarchicalTestExecutorService.java:41)
	at org.junit.platform.engine.support.hierarchical.NodeTestTask.lambda$executeRecursively$6(NodeTestTask.java:160)
	at org.junit.platform.engine.support.hierarchical.ThrowableCollector.execute(ThrowableCollector.java:73)
	at org.junit.platform.engine.support.hierarchical.NodeTestTask.lambda$executeRecursively$8(NodeTestTask.java:146)
	at org.junit.platform.engine.support.hierarchical.Node.around(Node.java:137)
	at org.junit.platform.engine.support.hierarchical.NodeTestTask.lambda$executeRecursively$9(NodeTestTask.java:144)
	at org.junit.platform.engine.support.hierarchical.ThrowableCollector.execute(ThrowableCollector.java:73)
	at org.junit.platform.engine.support.hierarchical.NodeTestTask.executeRecursively(NodeTestTask.java:143)
	at org.junit.platform.engine.support.hierarchical.NodeTestTask.execute(NodeTestTask.java:100)
	at java.base/java.util.ArrayList.forEach(ArrayList.java:1596)
	at org.junit.platform.engine.support.hierarchical.SameThreadHierarchicalTestExecutorService.invokeAll(SameThreadHierarchicalTestExecutorService.java:41)
	at org.junit.platform.engine.support.hierarchical.NodeTestTask.lambda$executeRecursively$6(NodeTestTask.java:160)
	at org.junit.platform.engine.support.hierarchical.ThrowableCollector.execute(ThrowableCollector.java:73)
	at org.junit.platform.engine.support.hierarchical.NodeTestTask.lambda$executeRecursively$8(NodeTestTask.java:146)
	at org.junit.platform.engine.support.hierarchical.Node.around(Node.java:137)
	at org.junit.platform.engine.support.hierarchical.NodeTestTask.lambda$executeRecursively$9(NodeTestTask.java:144)
	at org.junit.platform.engine.support.hierarchical.ThrowableCollector.execute(ThrowableCollector.java:73)
	at org.junit.platform.engine.support.hierarchical.NodeTestTask.executeRecursively(NodeTestTask.java:143)
	at org.junit.platform.engine.support.hierarchical.NodeTestTask.execute(NodeTestTask.java:100)
	at org.junit.platform.engine.support.hierarchical.SameThreadHierarchicalTestExecutorService.submit(SameThreadHierarchicalTestExecutorService.java:35)
	at org.junit.platform.engine.support.hierarchical.HierarchicalTestExecutor.execute(HierarchicalTestExecutor.java:57)
	at org.junit.platform.engine.support.hierarchical.HierarchicalTestEngine.execute(HierarchicalTestEngine.java:54)
	at org.junit.platform.launcher.core.EngineExecutionOrchestrator.execute(EngineExecutionOrchestrator.java:201)
	at org.junit.platform.launcher.core.EngineExecutionOrchestrator.execute(EngineExecutionOrchestrator.java:170)
	at org.junit.platform.launcher.core.EngineExecutionOrchestrator.execute(EngineExecutionOrchestrator.java:94)
	at org.junit.platform.launcher.core.EngineExecutionOrchestrator.lambda$execute$0(EngineExecutionOrchestrator.java:59)
	at org.junit.platform.launcher.core.EngineExecutionOrchestrator.withInterceptedStreams(EngineExecutionOrchestrator.java:142)
	at org.junit.platform.launcher.core.EngineExecutionOrchestrator.execute(EngineExecutionOrchestrator.java:58)
	at org.junit.platform.launcher.core.DefaultLauncher.execute(DefaultLauncher.java:103)
	at org.junit.platform.launcher.core.DefaultLauncher.execute(DefaultLauncher.java:85)
	at org.junit.platform.launcher.core.DelegatingLauncher.execute(DelegatingLauncher.java:47)
	at org.junit.platform.launcher.core.InterceptingLauncher.lambda$execute$1(InterceptingLauncher.java:39)
	at org.junit.platform.launcher.core.ClasspathAlignmentCheckingLauncherInterceptor.intercept(ClasspathAlignmentCheckingLauncherInterceptor.java:25)
	at org.junit.platform.launcher.core.InterceptingLauncher.execute(InterceptingLauncher.java:38)
	at org.junit.platform.launcher.core.DelegatingLauncher.execute(DelegatingLauncher.java:47)
	at org.apache.maven.surefire.junitplatform.LazyLauncher.execute(LazyLauncher.java:56)
	at org.apache.maven.surefire.junitplatform.JUnitPlatformProvider.execute(JUnitPlatformProvider.java:184)
	at org.apache.maven.surefire.junitplatform.JUnitPlatformProvider.invokeAllTests(JUnitPlatformProvider.java:148)
	at org.apache.maven.surefire.junitplatform.JUnitPlatformProvider.invoke(JUnitPlatformProvider.java:122)
	at org.apache.maven.surefire.booter.ForkedBooter.runSuitesInProcess(ForkedBooter.java:385)
	at org.apache.maven.surefire.booter.ForkedBooter.execute(ForkedBooter.java:162)
	at org.apache.maven.surefire.booter.ForkedBooter.run(ForkedBooter.java:507)
	at org.apache.maven.surefire.booter.ForkedBooter.main(ForkedBooter.java:495)
Caused by: org.springframework.beans.factory.BeanDefinitionStoreException: Invalid bean definition with name 'courseMapper' defined in file [C:\Project\itheima-hz-01\qk-parent\qk-management\target\classes\com\qk\management\mapper\CourseMapper.class]: Invalid value type for attribute 'factoryBeanObjectType': java.lang.String
	at org.springframework.beans.factory.support.AbstractAutowireCapableBeanFactory.getTypeForFactoryBean(AbstractAutowireCapableBeanFactory.java:864)
	at org.springframework.beans.factory.support.AbstractBeanFactory.getType(AbstractBeanFactory.java:744)
	at org.springframework.beans.factory.support.DefaultListableBeanFactory.findAnnotationOnBean(DefaultListableBeanFactory.java:818)
	at org.springframework.boot.sql.init.dependency.AnnotationDependsOnDatabaseInitializationDetector.detect(AnnotationDependsOnDatabaseInitializationDetector.java:36)
	at org.springframework.boot.sql.init.dependency.DatabaseInitializationDependencyConfigurer$DependsOnDatabaseInitializationPostProcessor.detectDependsOnInitializationBeanNames(DatabaseInitializationDependencyConfigurer.java:152)
	at org.springframework.boot.sql.init.dependency.DatabaseInitializationDependencyConfigurer$DependsOnDatabaseInitializationPostProcessor.postProcessBeanFactory(DatabaseInitializationDependencyConfigurer.java:115)
	at org.springframework.context.support.PostProcessorRegistrationDelegate.invokeBeanFactoryPostProcessors(PostProcessorRegistrationDelegate.java:363)
	at org.springframework.context.support.PostProcessorRegistrationDelegate.invokeBeanFactoryPostProcessors(PostProcessorRegistrationDelegate.java:197)
	at org.springframework.context.support.AbstractApplicationContext.invokeBeanFactoryPostProcessors(AbstractApplicationContext.java:792)
	at org.springframework.context.support.AbstractApplicationContext.refresh(AbstractApplicationContext.java:610)
	at org.springframework.boot.SpringApplication.refresh(SpringApplication.java:752)
	at org.springframework.boot.SpringApplication.refreshContext(SpringApplication.java:439)
	at org.springframework.boot.SpringApplication.run(SpringApplication.java:318)
	at org.springframework.boot.test.context.SpringBootContextLoader.lambda$loadContext$3(SpringBootContextLoader.java:151)
	at org.springframework.util.function.ThrowingSupplier.get(ThrowingSupplier.java:58)
	at org.springframework.util.function.ThrowingSupplier.get(ThrowingSupplier.java:46)
	at org.springframework.boot.SpringApplication.withHook(SpringApplication.java:1461)
	at org.springframework.boot.test.context.SpringBootContextLoader$ContextLoaderHook.run(SpringBootContextLoader.java:590)
	at org.springframework.boot.test.context.SpringBootContextLoader.loadContext(SpringBootContextLoader.java:151)
	at org.springframework.boot.test.context.SpringBootContextLoader.loadContext(SpringBootContextLoader.java:110)
	at org.springframework.test.context.cache.DefaultCacheAwareContextLoaderDelegate.loadContextInternal(DefaultCacheAwareContextLoaderDelegate.java:225)
	at org.springframework.test.context.cache.DefaultCacheAwareContextLoaderDelegate.loadContext(DefaultCacheAwareContextLoaderDelegate.java:152)
	... 79 common frames omitted
2026-04-28 18:10:54.821 [main] INFO  o.s.t.c.support.AnnotationConfigContextLoaderUtils-Could not detect default configuration classes for test class [com.qk.QkAppTests]: QkAppTests does not declare any static, non-private, non-final, nested classes annotated with @Configuration.
2026-04-28 18:10:54.836 [main] INFO  o.s.b.t.context.SpringBootTestContextBootstrapper-Found @SpringBootConfiguration com.qk.QkApp for test class com.qk.QkAppTests
2026-04-28 18:10:54.839 [main] WARN  o.springframework.test.context.TestContextManager-Caught exception while allowing TestExecutionListener [org.springframework.test.context.web.ServletTestExecutionListener] to prepare test instance [com.qk.QkAppTests@6403a4a5]
java.lang.IllegalStateException: ApplicationContext failure threshold (1) exceeded: skipping repeated attempt to load context for [WebMergedContextConfiguration@790d8fdd testClass = com.qk.QkAppTests, locations = [], classes = [com.qk.QkApp], contextInitializerClasses = [], activeProfiles = [], propertySourceDescriptors = [], propertySourceProperties = ["org.springframework.boot.test.context.SpringBootTestContextBootstrapper=true"], contextCustomizers = [org.springframework.boot.test.context.filter.ExcludeFilterContextCustomizer@1fc0053e, org.springframework.boot.test.json.DuplicateJsonObjectContextCustomizerFactory$DuplicateJsonObjectContextCustomizer@5db4c359, org.springframework.boot.test.mock.mockito.MockitoContextCustomizer@0, org.springframework.boot.test.web.client.TestRestTemplateContextCustomizer@74bdc168, org.springframework.boot.test.web.reactor.netty.DisableReactorResourceFactoryGlobalResourcesContextCustomizerFactory$DisableReactorResourceFactoryGlobalResourcesContextCustomizerCustomizer@754777cd, org.springframework.boot.test.autoconfigure.OnFailureConditionReportContextCustomizerFactory$OnFailureConditionReportContextCustomizer@4cc76301, org.springframework.boot.test.autoconfigure.actuate.observability.ObservabilityContextCustomizerFactory$DisableObservabilityContextCustomizer@1f, org.springframework.boot.test.autoconfigure.properties.PropertyMappingContextCustomizer@0, org.springframework.boot.test.autoconfigure.web.servlet.WebDriverContextCustomizer@759fad4, org.springframework.test.context.support.DynamicPropertiesContextCustomizer@0, org.springframework.boot.test.context.SpringBootTestAnnotation@b2330750], resourceBasePath = "src/main/webapp", contextLoader = org.springframework.boot.test.context.SpringBootContextLoader, parent = null]
	at org.springframework.test.context.cache.DefaultCacheAwareContextLoaderDelegate.loadContext(DefaultCacheAwareContextLoaderDelegate.java:145)
	at org.springframework.test.context.support.DefaultTestContext.getApplicationContext(DefaultTestContext.java:130)
	at org.springframework.test.context.web.ServletTestExecutionListener.setUpRequestContextIfNecessary(ServletTestExecutionListener.java:200)
	at org.springframework.test.context.web.ServletTestExecutionListener.prepareTestInstance(ServletTestExecutionListener.java:139)
	at org.springframework.test.context.TestContextManager.prepareTestInstance(TestContextManager.java:260)
	at org.springframework.test.context.junit.jupiter.SpringExtension.postProcessTestInstance(SpringExtension.java:159)
	at org.junit.jupiter.engine.descriptor.ClassBasedTestDescriptor.lambda$invokeTestInstancePostProcessors$10(ClassBasedTestDescriptor.java:383)
	at org.junit.jupiter.engine.descriptor.ClassBasedTestDescriptor.executeAndMaskThrowable(ClassBasedTestDescriptor.java:388)
	at org.junit.jupiter.engine.descriptor.ClassBasedTestDescriptor.lambda$invokeTestInstancePostProcessors$11(ClassBasedTestDescriptor.java:382)
	at java.base/java.util.stream.ForEachOps$ForEachOp$OfRef.accept(ForEachOps.java:184)
	at java.base/java.util.stream.ReferencePipeline$3$1.accept(ReferencePipeline.java:197)
	at java.base/java.util.stream.ReferencePipeline$2$1.accept(ReferencePipeline.java:179)
	at java.base/java.util.stream.ReferencePipeline$3$1.accept(ReferencePipeline.java:197)
	at java.base/java.util.ArrayList$ArrayListSpliterator.forEachRemaining(ArrayList.java:1708)
	at java.base/java.util.stream.AbstractPipeline.copyInto(AbstractPipeline.java:509)
	at java.base/java.util.stream.AbstractPipeline.wrapAndCopyInto(AbstractPipeline.java:499)
	at java.base/java.util.stream.ForEachOps$ForEachOp.evaluateSequential(ForEachOps.java:151)
	at java.base/java.util.stream.ForEachOps$ForEachOp$OfRef.evaluateSequential(ForEachOps.java:174)
	at java.base/java.util.stream.AbstractPipeline.evaluate(AbstractPipeline.java:234)
	at java.base/java.util.stream.ReferencePipeline.forEach(ReferencePipeline.java:596)
	at org.junit.jupiter.engine.descriptor.ClassBasedTestDescriptor.invokeTestInstancePostProcessors(ClassBasedTestDescriptor.java:382)
	at org.junit.jupiter.engine.descriptor.ClassBasedTestDescriptor.lambda$instantiateAndPostProcessTestInstance$6(ClassBasedTestDescriptor.java:293)
	at org.junit.platform.engine.support.hierarchical.ThrowableCollector.execute(ThrowableCollector.java:73)
	at org.junit.jupiter.engine.descriptor.ClassBasedTestDescriptor.instantiateAndPostProcessTestInstance(ClassBasedTestDescriptor.java:292)
	at org.junit.jupiter.engine.descriptor.ClassBasedTestDescriptor.lambda$testInstancesProvider$4(ClassBasedTestDescriptor.java:281)
	at java.base/java.util.Optional.orElseGet(Optional.java:364)
	at org.junit.jupiter.engine.descriptor.ClassBasedTestDescriptor.lambda$testInstancesProvider$5(ClassBasedTestDescriptor.java:280)
	at org.junit.jupiter.engine.execution.TestInstancesProvider.getTestInstances(TestInstancesProvider.java:27)
	at org.junit.jupiter.engine.descriptor.TestMethodTestDescriptor.lambda$prepare$0(TestMethodTestDescriptor.java:112)
	at org.junit.platform.engine.support.hierarchical.ThrowableCollector.execute(ThrowableCollector.java:73)
	at org.junit.jupiter.engine.descriptor.TestMethodTestDescriptor.prepare(TestMethodTestDescriptor.java:111)
	at org.junit.jupiter.engine.descriptor.TestMethodTestDescriptor.prepare(TestMethodTestDescriptor.java:69)
	at org.junit.platform.engine.support.hierarchical.NodeTestTask.lambda$prepare$2(NodeTestTask.java:128)
	at org.junit.platform.engine.support.hierarchical.ThrowableCollector.execute(ThrowableCollector.java:73)
	at org.junit.platform.engine.support.hierarchical.NodeTestTask.prepare(NodeTestTask.java:128)
	at org.junit.platform.engine.support.hierarchical.NodeTestTask.execute(NodeTestTask.java:95)
	at java.base/java.util.ArrayList.forEach(ArrayList.java:1596)
	at org.junit.platform.engine.support.hierarchical.SameThreadHierarchicalTestExecutorService.invokeAll(SameThreadHierarchicalTestExecutorService.java:41)
	at org.junit.platform.engine.support.hierarchical.NodeTestTask.lambda$executeRecursively$6(NodeTestTask.java:160)
	at org.junit.platform.engine.support.hierarchical.ThrowableCollector.execute(ThrowableCollector.java:73)
	at org.junit.platform.engine.support.hierarchical.NodeTestTask.lambda$executeRecursively$8(NodeTestTask.java:146)
	at org.junit.platform.engine.support.hierarchical.Node.around(Node.java:137)
	at org.junit.platform.engine.support.hierarchical.NodeTestTask.lambda$executeRecursively$9(NodeTestTask.java:144)
	at org.junit.platform.engine.support.hierarchical.ThrowableCollector.execute(ThrowableCollector.java:73)
	at org.junit.platform.engine.support.hierarchical.NodeTestTask.executeRecursively(NodeTestTask.java:143)
	at org.junit.platform.engine.support.hierarchical.NodeTestTask.execute(NodeTestTask.java:100)
	at java.base/java.util.ArrayList.forEach(ArrayList.java:1596)
	at org.junit.platform.engine.support.hierarchical.SameThreadHierarchicalTestExecutorService.invokeAll(SameThreadHierarchicalTestExecutorService.java:41)
	at org.junit.platform.engine.support.hierarchical.NodeTestTask.lambda$executeRecursively$6(NodeTestTask.java:160)
	at org.junit.platform.engine.support.hierarchical.ThrowableCollector.execute(ThrowableCollector.java:73)
	at org.junit.platform.engine.support.hierarchical.NodeTestTask.lambda$executeRecursively$8(NodeTestTask.java:146)
	at org.junit.platform.engine.support.hierarchical.Node.around(Node.java:137)
	at org.junit.platform.engine.support.hierarchical.NodeTestTask.lambda$executeRecursively$9(NodeTestTask.java:144)
	at org.junit.platform.engine.support.hierarchical.ThrowableCollector.execute(ThrowableCollector.java:73)
	at org.junit.platform.engine.support.hierarchical.NodeTestTask.executeRecursively(NodeTestTask.java:143)
	at org.junit.platform.engine.support.hierarchical.NodeTestTask.execute(NodeTestTask.java:100)
	at org.junit.platform.engine.support.hierarchical.SameThreadHierarchicalTestExecutorService.submit(SameThreadHierarchicalTestExecutorService.java:35)
	at org.junit.platform.engine.support.hierarchical.HierarchicalTestExecutor.execute(HierarchicalTestExecutor.java:57)
	at org.junit.platform.engine.support.hierarchical.HierarchicalTestEngine.execute(HierarchicalTestEngine.java:54)
	at org.junit.platform.launcher.core.EngineExecutionOrchestrator.execute(EngineExecutionOrchestrator.java:201)
	at org.junit.platform.launcher.core.EngineExecutionOrchestrator.execute(EngineExecutionOrchestrator.java:170)
	at org.junit.platform.launcher.core.EngineExecutionOrchestrator.execute(EngineExecutionOrchestrator.java:94)
	at org.junit.platform.launcher.core.EngineExecutionOrchestrator.lambda$execute$0(EngineExecutionOrchestrator.java:59)
	at org.junit.platform.launcher.core.EngineExecutionOrchestrator.withInterceptedStreams(EngineExecutionOrchestrator.java:142)
	at org.junit.platform.launcher.core.EngineExecutionOrchestrator.execute(EngineExecutionOrchestrator.java:58)
	at org.junit.platform.launcher.core.DefaultLauncher.execute(DefaultLauncher.java:103)
	at org.junit.platform.launcher.core.DefaultLauncher.execute(DefaultLauncher.java:85)
	at org.junit.platform.launcher.core.DelegatingLauncher.execute(DelegatingLauncher.java:47)
	at org.junit.platform.launcher.core.InterceptingLauncher.lambda$execute$1(InterceptingLauncher.java:39)
	at org.junit.platform.launcher.core.ClasspathAlignmentCheckingLauncherInterceptor.intercept(ClasspathAlignmentCheckingLauncherInterceptor.java:25)
	at org.junit.platform.launcher.core.InterceptingLauncher.execute(InterceptingLauncher.java:38)
	at org.junit.platform.launcher.core.DelegatingLauncher.execute(DelegatingLauncher.java:47)
	at org.apache.maven.surefire.junitplatform.LazyLauncher.execute(LazyLauncher.java:56)
	at org.apache.maven.surefire.junitplatform.JUnitPlatformProvider.execute(JUnitPlatformProvider.java:184)
	at org.apache.maven.surefire.junitplatform.JUnitPlatformProvider.invokeAllTests(JUnitPlatformProvider.java:148)
	at org.apache.maven.surefire.junitplatform.JUnitPlatformProvider.invoke(JUnitPlatformProvider.java:122)
	at org.apache.maven.surefire.booter.ForkedBooter.runSuitesInProcess(ForkedBooter.java:385)
	at org.apache.maven.surefire.booter.ForkedBooter.execute(ForkedBooter.java:162)
	at org.apache.maven.surefire.booter.ForkedBooter.run(ForkedBooter.java:507)
	at org.apache.maven.surefire.booter.ForkedBooter.main(ForkedBooter.java:495)
2026-04-28 18:11:53.938 [background-preinit] INFO  org.hibernate.validator.internal.util.Version-HV000001: Hibernate Validator 8.0.3.Final
2026-04-28 18:11:53.988 [restartedMain] INFO  com.qk.QkApp-Starting QkApp using Java 21.0.10 with PID 17852 (C:\Project\itheima-hz-01\qk-parent\qk-management\target\classes started by 33465 in C:\Project\itheima-hz-01\qk-parent)
2026-04-28 18:11:53.989 [restartedMain] INFO  com.qk.QkApp-No active profile set, falling back to 1 default profile: "default"
2026-04-28 18:11:54.038 [restartedMain] INFO  o.s.b.d.env.DevToolsPropertyDefaultsPostProcessor-Devtools property defaults active! Set 'spring.devtools.add-properties' to 'false' to disable
2026-04-28 18:11:54.040 [restartedMain] INFO  o.s.b.d.env.DevToolsPropertyDefaultsPostProcessor-For additional web related logging consider setting the 'logging.level.web' property to 'DEBUG'
2026-04-28 18:11:55.062 [restartedMain] WARN  o.s.b.w.s.c.AnnotationConfigServletWebServerApplicationContext-Exception encountered during context initialization - cancelling refresh attempt: org.springframework.beans.factory.BeanDefinitionStoreException: Invalid bean definition with name 'courseMapper' defined in file [C:\Project\itheima-hz-01\qk-parent\qk-management\target\classes\com\qk\management\mapper\CourseMapper.class]: Invalid value type for attribute 'factoryBeanObjectType': java.lang.String
2026-04-28 18:11:55.071 [restartedMain] INFO  o.s.b.a.logging.ConditionEvaluationReportLogger-

Error starting ApplicationContext. To display the condition evaluation report re-run your application with 'debug' enabled.
2026-04-28 18:11:55.096 [restartedMain] ERROR org.springframework.boot.SpringApplication-Application run failed
org.springframework.beans.factory.BeanDefinitionStoreException: Invalid bean definition with name 'courseMapper' defined in file [C:\Project\itheima-hz-01\qk-parent\qk-management\target\classes\com\qk\management\mapper\CourseMapper.class]: Invalid value type for attribute 'factoryBeanObjectType': java.lang.String
	at org.springframework.beans.factory.support.AbstractAutowireCapableBeanFactory.getTypeForFactoryBean(AbstractAutowireCapableBeanFactory.java:864)
	at org.springframework.beans.factory.support.AbstractBeanFactory.getType(AbstractBeanFactory.java:744)
	at org.springframework.beans.factory.support.DefaultListableBeanFactory.findAnnotationOnBean(DefaultListableBeanFactory.java:818)
	at org.springframework.boot.sql.init.dependency.AnnotationDependsOnDatabaseInitializationDetector.detect(AnnotationDependsOnDatabaseInitializationDetector.java:36)
	at org.springframework.boot.sql.init.dependency.DatabaseInitializationDependencyConfigurer$DependsOnDatabaseInitializationPostProcessor.detectDependsOnInitializationBeanNames(DatabaseInitializationDependencyConfigurer.java:152)
	at org.springframework.boot.sql.init.dependency.DatabaseInitializationDependencyConfigurer$DependsOnDatabaseInitializationPostProcessor.postProcessBeanFactory(DatabaseInitializationDependencyConfigurer.java:115)
	at org.springframework.context.support.PostProcessorRegistrationDelegate.invokeBeanFactoryPostProcessors(PostProcessorRegistrationDelegate.java:363)
	at org.springframework.context.support.PostProcessorRegistrationDelegate.invokeBeanFactoryPostProcessors(PostProcessorRegistrationDelegate.java:197)
	at org.springframework.context.support.AbstractApplicationContext.invokeBeanFactoryPostProcessors(AbstractApplicationContext.java:792)
	at org.springframework.context.support.AbstractApplicationContext.refresh(AbstractApplicationContext.java:610)
	at org.springframework.boot.web.servlet.context.ServletWebServerApplicationContext.refresh(ServletWebServerApplicationContext.java:146)
	at org.springframework.boot.SpringApplication.refresh(SpringApplication.java:752)
	at org.springframework.boot.SpringApplication.refreshContext(SpringApplication.java:439)
	at org.springframework.boot.SpringApplication.run(SpringApplication.java:318)
	at org.springframework.boot.SpringApplication.run(SpringApplication.java:1361)
	at org.springframework.boot.SpringApplication.run(SpringApplication.java:1350)
	at com.qk.QkApp.main(QkApp.java:12)
	at java.base/jdk.internal.reflect.DirectMethodHandleAccessor.invoke(DirectMethodHandleAccessor.java:103)
	at java.base/java.lang.reflect.Method.invoke(Method.java:580)
	at org.springframework.boot.devtools.restart.RestartLauncher.run(RestartLauncher.java:50)
2026-04-28 18:13:08.738 [background-preinit] INFO  org.hibernate.validator.internal.util.Version-HV000001: Hibernate Validator 8.0.3.Final
2026-04-28 18:13:08.793 [restartedMain] INFO  com.qk.QkApp-Starting QkApp using Java 21.0.10 with PID 16772 (C:\Project\itheima-hz-01\qk-parent\qk-management\target\classes started by 33465 in C:\Project\itheima-hz-01\qk-parent)
2026-04-28 18:13:08.794 [restartedMain] INFO  com.qk.QkApp-No active profile set, falling back to 1 default profile: "default"
2026-04-28 18:13:08.846 [restartedMain] INFO  o.s.b.d.env.DevToolsPropertyDefaultsPostProcessor-Devtools property defaults active! Set 'spring.devtools.add-properties' to 'false' to disable
2026-04-28 18:13:08.846 [restartedMain] INFO  o.s.b.d.env.DevToolsPropertyDefaultsPostProcessor-For additional web related logging consider setting the 'logging.level.web' property to 'DEBUG'
2026-04-28 18:13:09.786 [restartedMain] WARN  o.s.b.w.s.c.AnnotationConfigServletWebServerApplicationContext-Exception encountered during context initialization - cancelling refresh attempt: org.springframework.beans.factory.BeanDefinitionStoreException: Invalid bean definition with name 'courseMapper' defined in file [C:\Project\itheima-hz-01\qk-parent\qk-management\target\classes\com\qk\management\mapper\CourseMapper.class]: Invalid value type for attribute 'factoryBeanObjectType': java.lang.String
2026-04-28 18:13:09.793 [restartedMain] INFO  o.s.b.a.logging.ConditionEvaluationReportLogger-

Error starting ApplicationContext. To display the condition evaluation report re-run your application with 'debug' enabled.
2026-04-28 18:13:09.813 [restartedMain] ERROR org.springframework.boot.SpringApplication-Application run failed
org.springframework.beans.factory.BeanDefinitionStoreException: Invalid bean definition with name 'courseMapper' defined in file [C:\Project\itheima-hz-01\qk-parent\qk-management\target\classes\com\qk\management\mapper\CourseMapper.class]: Invalid value type for attribute 'factoryBeanObjectType': java.lang.String
	at org.springframework.beans.factory.support.AbstractAutowireCapableBeanFactory.getTypeForFactoryBean(AbstractAutowireCapableBeanFactory.java:864)
	at org.springframework.beans.factory.support.AbstractBeanFactory.getType(AbstractBeanFactory.java:744)
	at org.springframework.beans.factory.support.DefaultListableBeanFactory.findAnnotationOnBean(DefaultListableBeanFactory.java:818)
	at org.springframework.boot.sql.init.dependency.AnnotationDependsOnDatabaseInitializationDetector.detect(AnnotationDependsOnDatabaseInitializationDetector.java:36)
	at org.springframework.boot.sql.init.dependency.DatabaseInitializationDependencyConfigurer$DependsOnDatabaseInitializationPostProcessor.detectDependsOnInitializationBeanNames(DatabaseInitializationDependencyConfigurer.java:152)
	at org.springframework.boot.sql.init.dependency.DatabaseInitializationDependencyConfigurer$DependsOnDatabaseInitializationPostProcessor.postProcessBeanFactory(DatabaseInitializationDependencyConfigurer.java:115)
	at org.springframework.context.support.PostProcessorRegistrationDelegate.invokeBeanFactoryPostProcessors(PostProcessorRegistrationDelegate.java:363)
	at org.springframework.context.support.PostProcessorRegistrationDelegate.invokeBeanFactoryPostProcessors(PostProcessorRegistrationDelegate.java:197)
	at org.springframework.context.support.AbstractApplicationContext.invokeBeanFactoryPostProcessors(AbstractApplicationContext.java:792)
	at org.springframework.context.support.AbstractApplicationContext.refresh(AbstractApplicationContext.java:610)
	at org.springframework.boot.web.servlet.context.ServletWebServerApplicationContext.refresh(ServletWebServerApplicationContext.java:146)
	at org.springframework.boot.SpringApplication.refresh(SpringApplication.java:752)
	at org.springframework.boot.SpringApplication.refreshContext(SpringApplication.java:439)
	at org.springframework.boot.SpringApplication.run(SpringApplication.java:318)
	at org.springframework.boot.SpringApplication.run(SpringApplication.java:1361)
	at org.springframework.boot.SpringApplication.run(SpringApplication.java:1350)
	at com.qk.QkApp.main(QkApp.java:12)
	at java.base/jdk.internal.reflect.DirectMethodHandleAccessor.invoke(DirectMethodHandleAccessor.java:103)
	at java.base/java.lang.reflect.Method.invoke(Method.java:580)
	at org.springframework.boot.devtools.restart.RestartLauncher.run(RestartLauncher.java:50)
2026-04-28 18:17:29.785 [background-preinit] INFO  org.hibernate.validator.internal.util.Version-HV000001: Hibernate Validator 8.0.3.Final
2026-04-28 18:17:29.845 [restartedMain] INFO  com.qk.QkApp-Starting QkApp using Java 21.0.10 with PID 19860 (C:\Project\itheima-hz-01\qk-parent\qk-management\target\classes started by 33465 in C:\Project\itheima-hz-01\qk-parent)
2026-04-28 18:17:29.846 [restartedMain] INFO  com.qk.QkApp-No active profile set, falling back to 1 default profile: "default"
2026-04-28 18:17:29.896 [restartedMain] INFO  o.s.b.d.env.DevToolsPropertyDefaultsPostProcessor-Devtools property defaults active! Set 'spring.devtools.add-properties' to 'false' to disable
2026-04-28 18:17:29.896 [restartedMain] INFO  o.s.b.d.env.DevToolsPropertyDefaultsPostProcessor-For additional web related logging consider setting the 'logging.level.web' property to 'DEBUG'
2026-04-28 18:17:31.301 [restartedMain] INFO  o.s.boot.web.embedded.tomcat.TomcatWebServer-Tomcat initialized with port 8080 (http)
2026-04-28 18:17:31.320 [restartedMain] INFO  org.apache.coyote.http11.Http11NioProtocol-Initializing ProtocolHandler ["http-nio-8080"]
2026-04-28 18:17:31.322 [restartedMain] INFO  org.apache.catalina.core.StandardService-Starting service [Tomcat]
2026-04-28 18:17:31.322 [restartedMain] INFO  org.apache.catalina.core.StandardEngine-Starting Servlet engine: [Apache Tomcat/10.1.53]
2026-04-28 18:17:31.396 [restartedMain] INFO  o.a.c.core.ContainerBase.[Tomcat].[localhost].[/]-Initializing Spring embedded WebApplicationContext
2026-04-28 18:17:31.397 [restartedMain] INFO  o.s.b.w.s.c.ServletWebServerApplicationContext-Root WebApplicationContext: initialization completed in 1500 ms
2026-04-28 18:17:32.155 [restartedMain] INFO  c.b.m.e.spring.MybatisPlusApplicationContextAware-Register ApplicationContext instances org.springframework.boot.web.servlet.context.AnnotationConfigServletWebServerApplicationContext@2e7b55ea
2026-04-28 18:17:32.347 [restartedMain] INFO  o.s.b.d.autoconfigure.OptionalLiveReloadServer-LiveReload server is running on port 35729
2026-04-28 18:17:32.372 [restartedMain] INFO  org.apache.coyote.http11.Http11NioProtocol-Starting ProtocolHandler ["http-nio-8080"]
2026-04-28 18:17:32.398 [restartedMain] INFO  o.s.boot.web.embedded.tomcat.TomcatWebServer-Tomcat started on port 8080 (http) with context path '/'
2026-04-28 18:17:32.407 [restartedMain] INFO  com.qk.QkApp-Started QkApp in 2.98 seconds (process running for 4.005)
2026-04-28 18:17:43.330 [SpringApplicationShutdownHook] INFO  o.s.boot.web.embedded.tomcat.GracefulShutdown-Commencing graceful shutdown. Waiting for active requests to complete
2026-04-28 18:17:43.337 [tomcat-shutdown] INFO  o.s.boot.web.embedded.tomcat.GracefulShutdown-Graceful shutdown complete
2026-04-28 18:47:08.246 [main] INFO  o.s.t.c.support.AnnotationConfigContextLoaderUtils-Could not detect default configuration classes for test class [com.qk.management.aop.EmployeeServiceTest]: EmployeeServiceTest does not declare any static, non-private, non-final, nested classes annotated with @Configuration.
2026-04-28 18:47:08.397 [main] INFO  o.s.b.t.context.SpringBootTestContextBootstrapper-Found @SpringBootConfiguration com.qk.QkApp for test class com.qk.management.aop.EmployeeServiceTest
2026-04-28 18:47:08.601 [main] INFO  o.s.b.devtools.restart.RestartApplicationListener-Restart disabled due to context in which it is running
2026-04-28 18:47:08.905 [background-preinit] INFO  org.hibernate.validator.internal.util.Version-HV000001: Hibernate Validator 8.0.3.Final
2026-04-28 18:47:08.961 [main] INFO  com.qk.management.aop.EmployeeServiceTest-Starting EmployeeServiceTest using Java 21.0.10 with PID 19508 (started by 33465 in C:\Project\itheima-hz-01\qk-parent\qk-management)
2026-04-28 18:47:08.961 [main] INFO  com.qk.management.aop.EmployeeServiceTest-No active profile set, falling back to 1 default profile: "default"
2026-04-28 18:47:11.268 [main] INFO  c.b.m.e.spring.MybatisPlusApplicationContextAware-Register ApplicationContext instances org.springframework.web.context.support.GenericWebApplicationContext@385e36d4
2026-04-28 18:47:11.532 [main] INFO  com.qk.management.aop.EmployeeServiceTest-Started EmployeeServiceTest in 2.945 seconds (process running for 4.825)
2026-04-28 18:48:35.075 [main] INFO  o.s.t.c.support.AnnotationConfigContextLoaderUtils-Could not detect default configuration classes for test class [com.qk.management.aop.EmployeeServiceTest]: EmployeeServiceTest does not declare any static, non-private, non-final, nested classes annotated with @Configuration.
2026-04-28 18:48:35.236 [main] INFO  o.s.b.t.context.SpringBootTestContextBootstrapper-Found @SpringBootConfiguration com.qk.QkApp for test class com.qk.management.aop.EmployeeServiceTest
2026-04-28 18:48:35.470 [main] INFO  o.s.b.devtools.restart.RestartApplicationListener-Restart disabled due to context in which it is running
2026-04-28 18:48:35.821 [background-preinit] INFO  org.hibernate.validator.internal.util.Version-HV000001: Hibernate Validator 8.0.3.Final
2026-04-28 18:48:35.866 [main] INFO  com.qk.management.aop.EmployeeServiceTest-Starting EmployeeServiceTest using Java 21.0.10 with PID 9860 (started by 33465 in C:\Project\itheima-hz-01\qk-parent\qk-management)
2026-04-28 18:48:35.867 [main] INFO  com.qk.management.aop.EmployeeServiceTest-No active profile set, falling back to 1 default profile: "default"
2026-04-28 18:48:38.153 [main] INFO  c.b.m.e.spring.MybatisPlusApplicationContextAware-Register ApplicationContext instances org.springframework.web.context.support.GenericWebApplicationContext@442f92e6
2026-04-28 18:48:38.424 [main] INFO  com.qk.management.aop.EmployeeServiceTest-Started EmployeeServiceTest in 2.975 seconds (process running for 4.546)
2026-04-28 18:49:43.839 [main] INFO  o.s.t.c.support.AnnotationConfigContextLoaderUtils-Could not detect default configuration classes for test class [com.qk.management.aop.EmployeeServiceTest]: EmployeeServiceTest does not declare any static, non-private, non-final, nested classes annotated with @Configuration.
2026-04-28 18:49:43.998 [main] INFO  o.s.b.t.context.SpringBootTestContextBootstrapper-Found @SpringBootConfiguration com.qk.QkApp for test class com.qk.management.aop.EmployeeServiceTest
2026-04-28 18:49:44.214 [main] INFO  o.s.b.devtools.restart.RestartApplicationListener-Restart disabled due to context in which it is running
2026-04-28 18:49:44.532 [background-preinit] INFO  org.hibernate.validator.internal.util.Version-HV000001: Hibernate Validator 8.0.3.Final
2026-04-28 18:49:44.591 [main] INFO  com.qk.management.aop.EmployeeServiceTest-Starting EmployeeServiceTest using Java 21.0.10 with PID 3716 (started by 33465 in C:\Project\itheima-hz-01\qk-parent\qk-management)
2026-04-28 18:49:44.592 [main] INFO  com.qk.management.aop.EmployeeServiceTest-No active profile set, falling back to 1 default profile: "default"
2026-04-28 18:49:47.382 [main] INFO  c.b.m.e.spring.MybatisPlusApplicationContextAware-Register ApplicationContext instances org.springframework.web.context.support.GenericWebApplicationContext@7d070ef5
2026-04-28 18:49:47.663 [main] INFO  com.qk.management.aop.EmployeeServiceTest-Started EmployeeServiceTest in 3.466 seconds (process running for 5.044)
2026-04-28 18:54:19.545 [main] INFO  o.s.t.c.support.AnnotationConfigContextLoaderUtils-Could not detect default configuration classes for test class [com.qk.management.aop.EmployeeServiceTest]: EmployeeServiceTest does not declare any static, non-private, non-final, nested classes annotated with @Configuration.
2026-04-28 18:54:19.698 [main] INFO  o.s.b.t.context.SpringBootTestContextBootstrapper-Found @SpringBootConfiguration com.qk.QkApp for test class com.qk.management.aop.EmployeeServiceTest
2026-04-28 18:54:19.916 [main] INFO  o.s.b.devtools.restart.RestartApplicationListener-Restart disabled due to context in which it is running
2026-04-28 18:54:20.254 [background-preinit] INFO  org.hibernate.validator.internal.util.Version-HV000001: Hibernate Validator 8.0.3.Final
2026-04-28 18:54:20.302 [main] INFO  com.qk.management.aop.EmployeeServiceTest-Starting EmployeeServiceTest using Java 21.0.10 with PID 724 (started by 33465 in C:\Project\itheima-hz-01\qk-parent\qk-management)
2026-04-28 18:54:20.304 [main] INFO  com.qk.management.aop.EmployeeServiceTest-No active profile set, falling back to 1 default profile: "default"
2026-04-28 18:54:23.015 [main] INFO  c.b.m.e.spring.MybatisPlusApplicationContextAware-Register ApplicationContext instances org.springframework.web.context.support.GenericWebApplicationContext@7d070ef5
2026-04-28 18:54:23.326 [main] INFO  com.qk.management.aop.EmployeeServiceTest-Started EmployeeServiceTest in 3.427 seconds (process running for 4.984)
2026-04-28 19:57:22.818 [main] INFO  o.s.t.c.support.AnnotationConfigContextLoaderUtils-Could not detect default configuration classes for test class [com.qk.management.aop.EmployeeServiceTest]: EmployeeServiceTest does not declare any static, non-private, non-final, nested classes annotated with @Configuration.
2026-04-28 19:57:22.989 [main] INFO  o.s.b.t.context.SpringBootTestContextBootstrapper-Found @SpringBootConfiguration com.qk.QkApp for test class com.qk.management.aop.EmployeeServiceTest
2026-04-28 19:57:23.241 [main] INFO  o.s.b.devtools.restart.RestartApplicationListener-Restart disabled due to context in which it is running
2026-04-28 19:57:23.577 [background-preinit] INFO  org.hibernate.validator.internal.util.Version-HV000001: Hibernate Validator 8.0.3.Final
2026-04-28 19:57:23.630 [main] INFO  com.qk.management.aop.EmployeeServiceTest-Starting EmployeeServiceTest using Java 21.0.10 with PID 21052 (started by 33465 in C:\Project\itheima-hz-01\qk-parent\qk-management)
2026-04-28 19:57:23.631 [main] INFO  com.qk.management.aop.EmployeeServiceTest-No active profile set, falling back to 1 default profile: "default"
2026-04-28 19:57:25.663 [main] WARN  o.s.w.context.support.GenericWebApplicationContext-Exception encountered during context initialization - cancelling refresh attempt: org.springframework.beans.factory.UnsatisfiedDependencyException: Error creating bean with name 'courseController': Unsatisfied dependency expressed through field 'courseService': Error creating bean with name 'courseServiceImpl': Unsatisfied dependency expressed through field 'courseMapper': Error creating bean with name 'courseMapper' defined in file [C:\Project\itheima-hz-01\qk-parent\qk-management\target\classes\com\qk\management\mapper\CourseMapper.class]: Cannot resolve reference to bean 'sqlSessionTemplate' while setting bean property 'sqlSessionTemplate'
2026-04-28 19:57:25.693 [main] INFO  o.s.b.a.logging.ConditionEvaluationReportLogger-

Error starting ApplicationContext. To display the condition evaluation report re-run your application with 'debug' enabled.
2026-04-28 19:57:25.728 [main] ERROR org.springframework.boot.SpringApplication-Application run failed
org.springframework.beans.factory.UnsatisfiedDependencyException: Error creating bean with name 'courseController': Unsatisfied dependency expressed through field 'courseService': Error creating bean with name 'courseServiceImpl': Unsatisfied dependency expressed through field 'courseMapper': Error creating bean with name 'courseMapper' defined in file [C:\Project\itheima-hz-01\qk-parent\qk-management\target\classes\com\qk\management\mapper\CourseMapper.class]: Cannot resolve reference to bean 'sqlSessionTemplate' while setting bean property 'sqlSessionTemplate'
	at org.springframework.beans.factory.annotation.AutowiredAnnotationBeanPostProcessor$AutowiredFieldElement.resolveFieldValue(AutowiredAnnotationBeanPostProcessor.java:787)
	at org.springframework.beans.factory.annotation.AutowiredAnnotationBeanPostProcessor$AutowiredFieldElement.inject(AutowiredAnnotationBeanPostProcessor.java:767)
	at org.springframework.beans.factory.annotation.InjectionMetadata.inject(InjectionMetadata.java:146)
	at org.springframework.beans.factory.annotation.AutowiredAnnotationBeanPostProcessor.postProcessProperties(AutowiredAnnotationBeanPostProcessor.java:509)
	at org.springframework.beans.factory.support.AbstractAutowireCapableBeanFactory.populateBean(AbstractAutowireCapableBeanFactory.java:1459)
	at org.springframework.beans.factory.support.AbstractAutowireCapableBeanFactory.doCreateBean(AbstractAutowireCapableBeanFactory.java:606)
	at org.springframework.beans.factory.support.AbstractAutowireCapableBeanFactory.createBean(AbstractAutowireCapableBeanFactory.java:529)
	at org.springframework.beans.factory.support.AbstractBeanFactory.lambda$doGetBean$0(AbstractBeanFactory.java:339)
	at org.springframework.beans.factory.support.DefaultSingletonBeanRegistry.getSingleton(DefaultSingletonBeanRegistry.java:373)
	at org.springframework.beans.factory.support.AbstractBeanFactory.doGetBean(AbstractBeanFactory.java:337)
	at org.springframework.beans.factory.support.AbstractBeanFactory.getBean(AbstractBeanFactory.java:202)
	at org.springframework.beans.factory.support.DefaultListableBeanFactory.instantiateSingleton(DefaultListableBeanFactory.java:1228)
	at org.springframework.beans.factory.support.DefaultListableBeanFactory.preInstantiateSingleton(DefaultListableBeanFactory.java:1194)
	at org.springframework.beans.factory.support.DefaultListableBeanFactory.preInstantiateSingletons(DefaultListableBeanFactory.java:1130)
	at org.springframework.context.support.AbstractApplicationContext.finishBeanFactoryInitialization(AbstractApplicationContext.java:991)
	at org.springframework.context.support.AbstractApplicationContext.refresh(AbstractApplicationContext.java:628)
	at org.springframework.boot.SpringApplication.refresh(SpringApplication.java:752)
	at org.springframework.boot.SpringApplication.refreshContext(SpringApplication.java:439)
	at org.springframework.boot.SpringApplication.run(SpringApplication.java:318)
	at org.springframework.boot.test.context.SpringBootContextLoader.lambda$loadContext$3(SpringBootContextLoader.java:151)
	at org.springframework.util.function.ThrowingSupplier.get(ThrowingSupplier.java:58)
	at org.springframework.util.function.ThrowingSupplier.get(ThrowingSupplier.java:46)
	at org.springframework.boot.SpringApplication.withHook(SpringApplication.java:1461)
	at org.springframework.boot.test.context.SpringBootContextLoader$ContextLoaderHook.run(SpringBootContextLoader.java:590)
	at org.springframework.boot.test.context.SpringBootContextLoader.loadContext(SpringBootContextLoader.java:151)
	at org.springframework.boot.test.context.SpringBootContextLoader.loadContext(SpringBootContextLoader.java:110)
	at org.springframework.test.context.cache.DefaultCacheAwareContextLoaderDelegate.loadContextInternal(DefaultCacheAwareContextLoaderDelegate.java:225)
	at org.springframework.test.context.cache.DefaultCacheAwareContextLoaderDelegate.loadContext(DefaultCacheAwareContextLoaderDelegate.java:152)
	at org.springframework.test.context.support.DefaultTestContext.getApplicationContext(DefaultTestContext.java:130)
	at org.springframework.test.context.web.ServletTestExecutionListener.setUpRequestContextIfNecessary(ServletTestExecutionListener.java:200)
	at org.springframework.test.context.web.ServletTestExecutionListener.prepareTestInstance(ServletTestExecutionListener.java:139)
	at org.springframework.test.context.TestContextManager.prepareTestInstance(TestContextManager.java:260)
	at org.springframework.test.context.junit.jupiter.SpringExtension.postProcessTestInstance(SpringExtension.java:159)
	at org.junit.jupiter.engine.descriptor.ClassBasedTestDescriptor.lambda$invokeTestInstancePostProcessors$10(ClassBasedTestDescriptor.java:383)
	at org.junit.jupiter.engine.descriptor.ClassBasedTestDescriptor.executeAndMaskThrowable(ClassBasedTestDescriptor.java:388)
	at org.junit.jupiter.engine.descriptor.ClassBasedTestDescriptor.lambda$invokeTestInstancePostProcessors$11(ClassBasedTestDescriptor.java:382)
	at java.base/java.util.stream.ForEachOps$ForEachOp$OfRef.accept(ForEachOps.java:184)
	at java.base/java.util.stream.ReferencePipeline$3$1.accept(ReferencePipeline.java:197)
	at java.base/java.util.stream.ReferencePipeline$2$1.accept(ReferencePipeline.java:179)
	at java.base/java.util.stream.ReferencePipeline$3$1.accept(ReferencePipeline.java:197)
	at java.base/java.util.ArrayList$ArrayListSpliterator.forEachRemaining(ArrayList.java:1708)
	at java.base/java.util.stream.AbstractPipeline.copyInto(AbstractPipeline.java:509)
	at java.base/java.util.stream.AbstractPipeline.wrapAndCopyInto(AbstractPipeline.java:499)
	at java.base/java.util.stream.ForEachOps$ForEachOp.evaluateSequential(ForEachOps.java:151)
	at java.base/java.util.stream.ForEachOps$ForEachOp$OfRef.evaluateSequential(ForEachOps.java:174)
	at java.base/java.util.stream.AbstractPipeline.evaluate(AbstractPipeline.java:234)
	at java.base/java.util.stream.ReferencePipeline.forEach(ReferencePipeline.java:596)
	at org.junit.jupiter.engine.descriptor.ClassBasedTestDescriptor.invokeTestInstancePostProcessors(ClassBasedTestDescriptor.java:382)
	at org.junit.jupiter.engine.descriptor.ClassBasedTestDescriptor.lambda$instantiateAndPostProcessTestInstance$6(ClassBasedTestDescriptor.java:293)
	at org.junit.platform.engine.support.hierarchical.ThrowableCollector.execute(ThrowableCollector.java:73)
	at org.junit.jupiter.engine.descriptor.ClassBasedTestDescriptor.instantiateAndPostProcessTestInstance(ClassBasedTestDescriptor.java:292)
	at org.junit.jupiter.engine.descriptor.ClassBasedTestDescriptor.lambda$testInstancesProvider$4(ClassBasedTestDescriptor.java:281)
	at java.base/java.util.Optional.orElseGet(Optional.java:364)
	at org.junit.jupiter.engine.descriptor.ClassBasedTestDescriptor.lambda$testInstancesProvider$5(ClassBasedTestDescriptor.java:280)
	at org.junit.jupiter.engine.execution.TestInstancesProvider.getTestInstances(TestInstancesProvider.java:27)
	at org.junit.jupiter.engine.descriptor.TestMethodTestDescriptor.lambda$prepare$0(TestMethodTestDescriptor.java:112)
	at org.junit.platform.engine.support.hierarchical.ThrowableCollector.execute(ThrowableCollector.java:73)
	at org.junit.jupiter.engine.descriptor.TestMethodTestDescriptor.prepare(TestMethodTestDescriptor.java:111)
	at org.junit.jupiter.engine.descriptor.TestMethodTestDescriptor.prepare(TestMethodTestDescriptor.java:69)
	at org.junit.platform.engine.support.hierarchical.NodeTestTask.lambda$prepare$2(NodeTestTask.java:128)
	at org.junit.platform.engine.support.hierarchical.ThrowableCollector.execute(ThrowableCollector.java:73)
	at org.junit.platform.engine.support.hierarchical.NodeTestTask.prepare(NodeTestTask.java:128)
	at org.junit.platform.engine.support.hierarchical.NodeTestTask.execute(NodeTestTask.java:95)
	at java.base/java.util.ArrayList.forEach(ArrayList.java:1596)
	at org.junit.platform.engine.support.hierarchical.SameThreadHierarchicalTestExecutorService.invokeAll(SameThreadHierarchicalTestExecutorService.java:41)
	at org.junit.platform.engine.support.hierarchical.NodeTestTask.lambda$executeRecursively$6(NodeTestTask.java:160)
	at org.junit.platform.engine.support.hierarchical.ThrowableCollector.execute(ThrowableCollector.java:73)
	at org.junit.platform.engine.support.hierarchical.NodeTestTask.lambda$executeRecursively$8(NodeTestTask.java:146)
	at org.junit.platform.engine.support.hierarchical.Node.around(Node.java:137)
	at org.junit.platform.engine.support.hierarchical.NodeTestTask.lambda$executeRecursively$9(NodeTestTask.java:144)
	at org.junit.platform.engine.support.hierarchical.ThrowableCollector.execute(ThrowableCollector.java:73)
	at org.junit.platform.engine.support.hierarchical.NodeTestTask.executeRecursively(NodeTestTask.java:143)
	at org.junit.platform.engine.support.hierarchical.NodeTestTask.execute(NodeTestTask.java:100)
	at java.base/java.util.ArrayList.forEach(ArrayList.java:1596)
	at org.junit.platform.engine.support.hierarchical.SameThreadHierarchicalTestExecutorService.invokeAll(SameThreadHierarchicalTestExecutorService.java:41)
	at org.junit.platform.engine.support.hierarchical.NodeTestTask.lambda$executeRecursively$6(NodeTestTask.java:160)
	at org.junit.platform.engine.support.hierarchical.ThrowableCollector.execute(ThrowableCollector.java:73)
	at org.junit.platform.engine.support.hierarchical.NodeTestTask.lambda$executeRecursively$8(NodeTestTask.java:146)
	at org.junit.platform.engine.support.hierarchical.Node.around(Node.java:137)
	at org.junit.platform.engine.support.hierarchical.NodeTestTask.lambda$executeRecursively$9(NodeTestTask.java:144)
	at org.junit.platform.engine.support.hierarchical.ThrowableCollector.execute(ThrowableCollector.java:73)
	at org.junit.platform.engine.support.hierarchical.NodeTestTask.executeRecursively(NodeTestTask.java:143)
	at org.junit.platform.engine.support.hierarchical.NodeTestTask.execute(NodeTestTask.java:100)
	at org.junit.platform.engine.support.hierarchical.SameThreadHierarchicalTestExecutorService.submit(SameThreadHierarchicalTestExecutorService.java:35)
	at org.junit.platform.engine.support.hierarchical.HierarchicalTestExecutor.execute(HierarchicalTestExecutor.java:57)
	at org.junit.platform.engine.support.hierarchical.HierarchicalTestEngine.execute(HierarchicalTestEngine.java:54)
	at org.junit.platform.launcher.core.EngineExecutionOrchestrator.execute(EngineExecutionOrchestrator.java:201)
	at org.junit.platform.launcher.core.EngineExecutionOrchestrator.execute(EngineExecutionOrchestrator.java:170)
	at org.junit.platform.launcher.core.EngineExecutionOrchestrator.execute(EngineExecutionOrchestrator.java:94)
	at org.junit.platform.launcher.core.EngineExecutionOrchestrator.lambda$execute$0(EngineExecutionOrchestrator.java:59)
	at org.junit.platform.launcher.core.EngineExecutionOrchestrator.withInterceptedStreams(EngineExecutionOrchestrator.java:142)
	at org.junit.platform.launcher.core.EngineExecutionOrchestrator.execute(EngineExecutionOrchestrator.java:58)
	at org.junit.platform.launcher.core.DefaultLauncher.execute(DefaultLauncher.java:103)
	at org.junit.platform.launcher.core.DefaultLauncher.execute(DefaultLauncher.java:85)
	at org.junit.platform.launcher.core.DelegatingLauncher.execute(DelegatingLauncher.java:47)
	at org.junit.platform.launcher.core.InterceptingLauncher.lambda$execute$1(InterceptingLauncher.java:39)
	at org.junit.platform.launcher.core.ClasspathAlignmentCheckingLauncherInterceptor.intercept(ClasspathAlignmentCheckingLauncherInterceptor.java:25)
	at org.junit.platform.launcher.core.InterceptingLauncher.execute(InterceptingLauncher.java:38)
	at org.junit.platform.launcher.core.DelegatingLauncher.execute(DelegatingLauncher.java:47)
	at org.junit.platform.launcher.core.SessionPerRequestLauncher.execute(SessionPerRequestLauncher.java:63)
	at com.intellij.junit5.JUnit5IdeaTestRunner.startRunnerWithArgs(JUnit5IdeaTestRunner.java:57)
	at com.intellij.rt.junit.IdeaTestRunner$Repeater$1.execute(IdeaTestRunner.java:38)
	at com.intellij.rt.execution.junit.TestsRepeater.repeat(TestsRepeater.java:11)
	at com.intellij.rt.junit.IdeaTestRunner$Repeater.startRunnerWithArgs(IdeaTestRunner.java:35)
	at com.intellij.rt.junit.JUnitStarter.prepareStreamsAndStart(JUnitStarter.java:232)
	at com.intellij.rt.junit.JUnitStarter.main(JUnitStarter.java:55)
Caused by: org.springframework.beans.factory.UnsatisfiedDependencyException: Error creating bean with name 'courseServiceImpl': Unsatisfied dependency expressed through field 'courseMapper': Error creating bean with name 'courseMapper' defined in file [C:\Project\itheima-hz-01\qk-parent\qk-management\target\classes\com\qk\management\mapper\CourseMapper.class]: Cannot resolve reference to bean 'sqlSessionTemplate' while setting bean property 'sqlSessionTemplate'
	at org.springframework.beans.factory.annotation.AutowiredAnnotationBeanPostProcessor$AutowiredFieldElement.resolveFieldValue(AutowiredAnnotationBeanPostProcessor.java:787)
	at org.springframework.beans.factory.annotation.AutowiredAnnotationBeanPostProcessor$AutowiredFieldElement.inject(AutowiredAnnotationBeanPostProcessor.java:767)
	at org.springframework.beans.factory.annotation.InjectionMetadata.inject(InjectionMetadata.java:146)
	at org.springframework.beans.factory.annotation.AutowiredAnnotationBeanPostProcessor.postProcessProperties(AutowiredAnnotationBeanPostProcessor.java:509)
	at org.springframework.beans.factory.support.AbstractAutowireCapableBeanFactory.populateBean(AbstractAutowireCapableBeanFactory.java:1459)
	at org.springframework.beans.factory.support.AbstractAutowireCapableBeanFactory.doCreateBean(AbstractAutowireCapableBeanFactory.java:606)
	at org.springframework.beans.factory.support.AbstractAutowireCapableBeanFactory.createBean(AbstractAutowireCapableBeanFactory.java:529)
	at org.springframework.beans.factory.support.AbstractBeanFactory.lambda$doGetBean$0(AbstractBeanFactory.java:339)
	at org.springframework.beans.factory.support.DefaultSingletonBeanRegistry.getSingleton(DefaultSingletonBeanRegistry.java:373)
	at org.springframework.beans.factory.support.AbstractBeanFactory.doGetBean(AbstractBeanFactory.java:337)
	at org.springframework.beans.factory.support.AbstractBeanFactory.getBean(AbstractBeanFactory.java:202)
	at org.springframework.beans.factory.config.DependencyDescriptor.resolveCandidate(DependencyDescriptor.java:254)
	at org.springframework.beans.factory.support.DefaultListableBeanFactory.doResolveDependency(DefaultListableBeanFactory.java:1770)
	at org.springframework.beans.factory.support.DefaultListableBeanFactory.resolveDependency(DefaultListableBeanFactory.java:1653)
	at org.springframework.beans.factory.annotation.AutowiredAnnotationBeanPostProcessor$AutowiredFieldElement.resolveFieldValue(AutowiredAnnotationBeanPostProcessor.java:784)
	... 105 common frames omitted
Caused by: org.springframework.beans.factory.BeanCreationException: Error creating bean with name 'courseMapper' defined in file [C:\Project\itheima-hz-01\qk-parent\qk-management\target\classes\com\qk\management\mapper\CourseMapper.class]: Cannot resolve reference to bean 'sqlSessionTemplate' while setting bean property 'sqlSessionTemplate'
	at org.springframework.beans.factory.support.BeanDefinitionValueResolver.resolveReference(BeanDefinitionValueResolver.java:377)
	at org.springframework.beans.factory.support.BeanDefinitionValueResolver.resolveValueIfNecessary(BeanDefinitionValueResolver.java:135)
	at org.springframework.beans.factory.support.AbstractAutowireCapableBeanFactory.applyPropertyValues(AbstractAutowireCapableBeanFactory.java:1725)
	at org.springframework.beans.factory.support.AbstractAutowireCapableBeanFactory.populateBean(AbstractAutowireCapableBeanFactory.java:1474)
	at org.springframework.beans.factory.support.AbstractAutowireCapableBeanFactory.doCreateBean(AbstractAutowireCapableBeanFactory.java:606)
	at org.springframework.beans.factory.support.AbstractAutowireCapableBeanFactory.createBean(AbstractAutowireCapableBeanFactory.java:529)
	at org.springframework.beans.factory.support.AbstractBeanFactory.lambda$doGetBean$0(AbstractBeanFactory.java:339)
	at org.springframework.beans.factory.support.DefaultSingletonBeanRegistry.getSingleton(DefaultSingletonBeanRegistry.java:373)
	at org.springframework.beans.factory.support.AbstractBeanFactory.doGetBean(AbstractBeanFactory.java:337)
	at org.springframework.beans.factory.support.AbstractBeanFactory.getBean(AbstractBeanFactory.java:202)
	at org.springframework.beans.factory.support.DefaultListableBeanFactory.doResolveDependency(DefaultListableBeanFactory.java:1708)
	at org.springframework.beans.factory.support.DefaultListableBeanFactory.resolveDependency(DefaultListableBeanFactory.java:1653)
	at org.springframework.beans.factory.annotation.AutowiredAnnotationBeanPostProcessor$AutowiredFieldElement.resolveFieldValue(AutowiredAnnotationBeanPostProcessor.java:784)
	... 119 common frames omitted
Caused by: org.springframework.beans.factory.UnsatisfiedDependencyException: Error creating bean with name 'sqlSessionTemplate' defined in class path resource [com/baomidou/mybatisplus/autoconfigure/MybatisPlusAutoConfiguration.class]: Unsatisfied dependency expressed through method 'sqlSessionTemplate' parameter 0: Error creating bean with name 'sqlSessionFactory' defined in class path resource [com/baomidou/mybatisplus/autoconfigure/MybatisPlusAutoConfiguration.class]: Failed to instantiate [org.apache.ibatis.session.SqlSessionFactory]: Factory method 'sqlSessionFactory' threw exception with message: Failed to parse mapping resource: 'file [C:\Project\itheima-hz-01\qk-parent\qk-management\target\classes\mapper\UserMapper.xml]'
	at org.springframework.beans.factory.support.ConstructorResolver.createArgumentArray(ConstructorResolver.java:804)
	at org.springframework.beans.factory.support.ConstructorResolver.instantiateUsingFactoryMethod(ConstructorResolver.java:546)
	at org.springframework.beans.factory.support.AbstractAutowireCapableBeanFactory.instantiateUsingFactoryMethod(AbstractAutowireCapableBeanFactory.java:1375)
	at org.springframework.beans.factory.support.AbstractAutowireCapableBeanFactory.createBeanInstance(AbstractAutowireCapableBeanFactory.java:1205)
	at org.springframework.beans.factory.support.AbstractAutowireCapableBeanFactory.doCreateBean(AbstractAutowireCapableBeanFactory.java:569)
	at org.springframework.beans.factory.support.AbstractAutowireCapableBeanFactory.createBean(AbstractAutowireCapableBeanFactory.java:529)
	at org.springframework.beans.factory.support.AbstractBeanFactory.lambda$doGetBean$0(AbstractBeanFactory.java:339)
	at org.springframework.beans.factory.support.DefaultSingletonBeanRegistry.getSingleton(DefaultSingletonBeanRegistry.java:373)
	at org.springframework.beans.factory.support.AbstractBeanFactory.doGetBean(AbstractBeanFactory.java:337)
	at org.springframework.beans.factory.support.AbstractBeanFactory.getBean(AbstractBeanFactory.java:202)
	at org.springframework.beans.factory.support.BeanDefinitionValueResolver.resolveReference(BeanDefinitionValueResolver.java:365)
	... 131 common frames omitted
Caused by: org.springframework.beans.factory.BeanCreationException: Error creating bean with name 'sqlSessionFactory' defined in class path resource [com/baomidou/mybatisplus/autoconfigure/MybatisPlusAutoConfiguration.class]: Failed to instantiate [org.apache.ibatis.session.SqlSessionFactory]: Factory method 'sqlSessionFactory' threw exception with message: Failed to parse mapping resource: 'file [C:\Project\itheima-hz-01\qk-parent\qk-management\target\classes\mapper\UserMapper.xml]'
	at org.springframework.beans.factory.support.ConstructorResolver.instantiate(ConstructorResolver.java:657)
	at org.springframework.beans.factory.support.ConstructorResolver.instantiateUsingFactoryMethod(ConstructorResolver.java:645)
	at org.springframework.beans.factory.support.AbstractAutowireCapableBeanFactory.instantiateUsingFactoryMethod(AbstractAutowireCapableBeanFactory.java:1375)
	at org.springframework.beans.factory.support.AbstractAutowireCapableBeanFactory.createBeanInstance(AbstractAutowireCapableBeanFactory.java:1205)
	at org.springframework.beans.factory.support.AbstractAutowireCapableBeanFactory.doCreateBean(AbstractAutowireCapableBeanFactory.java:569)
	at org.springframework.beans.factory.support.AbstractAutowireCapableBeanFactory.createBean(AbstractAutowireCapableBeanFactory.java:529)
	at org.springframework.beans.factory.support.AbstractBeanFactory.lambda$doGetBean$0(AbstractBeanFactory.java:339)
	at org.springframework.beans.factory.support.DefaultSingletonBeanRegistry.getSingleton(DefaultSingletonBeanRegistry.java:373)
	at org.springframework.beans.factory.support.AbstractBeanFactory.doGetBean(AbstractBeanFactory.java:337)
	at org.springframework.beans.factory.support.AbstractBeanFactory.getBean(AbstractBeanFactory.java:202)
	at org.springframework.beans.factory.support.DefaultListableBeanFactory.doResolveDependency(DefaultListableBeanFactory.java:1708)
	at org.springframework.beans.factory.support.DefaultListableBeanFactory.resolveDependency(DefaultListableBeanFactory.java:1653)
	at org.springframework.beans.factory.support.ConstructorResolver.resolveAutowiredArgument(ConstructorResolver.java:913)
	at org.springframework.beans.factory.support.ConstructorResolver.createArgumentArray(ConstructorResolver.java:791)
	... 141 common frames omitted
Caused by: org.springframework.beans.BeanInstantiationException: Failed to instantiate [org.apache.ibatis.session.SqlSessionFactory]: Factory method 'sqlSessionFactory' threw exception with message: Failed to parse mapping resource: 'file [C:\Project\itheima-hz-01\qk-parent\qk-management\target\classes\mapper\UserMapper.xml]'
	at org.springframework.beans.factory.support.SimpleInstantiationStrategy.lambda$instantiate$0(SimpleInstantiationStrategy.java:200)
	at org.springframework.beans.factory.support.SimpleInstantiationStrategy.instantiateWithFactoryMethod(SimpleInstantiationStrategy.java:89)
	at org.springframework.beans.factory.support.SimpleInstantiationStrategy.instantiate(SimpleInstantiationStrategy.java:169)
	at org.springframework.beans.factory.support.ConstructorResolver.instantiate(ConstructorResolver.java:653)
	... 154 common frames omitted
Caused by: java.io.IOException: Failed to parse mapping resource: 'file [C:\Project\itheima-hz-01\qk-parent\qk-management\target\classes\mapper\UserMapper.xml]'
	at com.baomidou.mybatisplus.extension.spring.MybatisSqlSessionFactoryBean.buildSqlSessionFactory(MybatisSqlSessionFactoryBean.java:684)
	at com.baomidou.mybatisplus.extension.spring.MybatisSqlSessionFactoryBean.afterPropertiesSet(MybatisSqlSessionFactoryBean.java:557)
	at com.baomidou.mybatisplus.extension.spring.MybatisSqlSessionFactoryBean.getObject(MybatisSqlSessionFactoryBean.java:715)
	at com.baomidou.mybatisplus.autoconfigure.MybatisPlusAutoConfiguration.sqlSessionFactory(MybatisPlusAutoConfiguration.java:223)
	at java.base/jdk.internal.reflect.DirectMethodHandleAccessor.invoke(DirectMethodHandleAccessor.java:103)
	at java.base/java.lang.reflect.Method.invoke(Method.java:580)
	at org.springframework.beans.factory.support.SimpleInstantiationStrategy.lambda$instantiate$0(SimpleInstantiationStrategy.java:172)
	... 157 common frames omitted
Caused by: org.apache.ibatis.builder.BuilderException: Error parsing Mapper XML. The XML location is 'file [C:\Project\itheima-hz-01\qk-parent\qk-management\target\classes\mapper\UserMapper.xml]'. Cause: org.apache.ibatis.builder.BuilderException: Error resolving class. Cause: org.apache.ibatis.type.TypeException: Could not resolve type alias 'java.util.List<java.lang.Integer>'.  Cause: java.lang.ClassNotFoundException: Cannot find class: java.util.List<java.lang.Integer>
	at com.baomidou.mybatisplus.core.MybatisXMLMapperBuilder.configurationElement(MybatisXMLMapperBuilder.java:129)
	at com.baomidou.mybatisplus.core.MybatisXMLMapperBuilder.parse(MybatisXMLMapperBuilder.java:102)
	at com.baomidou.mybatisplus.extension.spring.MybatisSqlSessionFactoryBean.buildSqlSessionFactory(MybatisSqlSessionFactoryBean.java:682)
	... 163 common frames omitted
Caused by: org.apache.ibatis.builder.BuilderException: Error resolving class. Cause: org.apache.ibatis.type.TypeException: Could not resolve type alias 'java.util.List<java.lang.Integer>'.  Cause: java.lang.ClassNotFoundException: Cannot find class: java.util.List<java.lang.Integer>
	at org.apache.ibatis.builder.BaseBuilder.resolveClass(BaseBuilder.java:103)
	at org.apache.ibatis.builder.xml.XMLStatementBuilder.parseStatementNode(XMLStatementBuilder.java:78)
	at com.baomidou.mybatisplus.core.MybatisXMLMapperBuilder.buildStatementFromContext(MybatisXMLMapperBuilder.java:145)
	at com.baomidou.mybatisplus.core.MybatisXMLMapperBuilder.buildStatementFromContext(MybatisXMLMapperBuilder.java:137)
	at com.baomidou.mybatisplus.core.MybatisXMLMapperBuilder.configurationElement(MybatisXMLMapperBuilder.java:127)
	... 165 common frames omitted
Caused by: org.apache.ibatis.type.TypeException: Could not resolve type alias 'java.util.List<java.lang.Integer>'.  Cause: java.lang.ClassNotFoundException: Cannot find class: java.util.List<java.lang.Integer>
	at org.apache.ibatis.type.TypeAliasRegistry.resolveAlias(TypeAliasRegistry.java:128)
	at org.apache.ibatis.builder.BaseBuilder.resolveAlias(BaseBuilder.java:132)
	at org.apache.ibatis.builder.BaseBuilder.resolveClass(BaseBuilder.java:101)
	... 169 common frames omitted
Caused by: java.lang.ClassNotFoundException: Cannot find class: java.util.List<java.lang.Integer>
	at org.apache.ibatis.io.ClassLoaderWrapper.classForName(ClassLoaderWrapper.java:226)
	at org.apache.ibatis.io.ClassLoaderWrapper.classForName(ClassLoaderWrapper.java:103)
	at org.apache.ibatis.io.Resources.classForName(Resources.java:322)
	at org.apache.ibatis.type.TypeAliasRegistry.resolveAlias(TypeAliasRegistry.java:124)
	... 171 common frames omitted
2026-04-28 19:57:25.740 [main] WARN  o.springframework.test.context.TestContextManager-Caught exception while allowing TestExecutionListener [org.springframework.test.context.web.ServletTestExecutionListener] to prepare test instance [com.qk.management.aop.EmployeeServiceTest@69eb544f]
java.lang.IllegalStateException: Failed to load ApplicationContext for [WebMergedContextConfiguration@2fca3eb5 testClass = com.qk.management.aop.EmployeeServiceTest, locations = [], classes = [com.qk.QkApp], contextInitializerClasses = [], activeProfiles = [], propertySourceDescriptors = [], propertySourceProperties = ["org.springframework.boot.test.context.SpringBootTestContextBootstrapper=true"], contextCustomizers = [org.springframework.boot.test.context.filter.ExcludeFilterContextCustomizer@41813449, org.springframework.boot.test.json.DuplicateJsonObjectContextCustomizerFactory$DuplicateJsonObjectContextCustomizer@5b07730f, org.springframework.boot.test.mock.mockito.MockitoContextCustomizer@0, org.springframework.boot.test.web.client.TestRestTemplateContextCustomizer@556d0826, org.springframework.boot.test.web.reactor.netty.DisableReactorResourceFactoryGlobalResourcesContextCustomizerFactory$DisableReactorResourceFactoryGlobalResourcesContextCustomizerCustomizer@1e63ec0b, org.springframework.boot.test.autoconfigure.OnFailureConditionReportContextCustomizerFactory$OnFailureConditionReportContextCustomizer@285c08c8, org.springframework.boot.test.autoconfigure.actuate.observability.ObservabilityContextCustomizerFactory$DisableObservabilityContextCustomizer@1f, org.springframework.boot.test.autoconfigure.properties.PropertyMappingContextCustomizer@0, org.springframework.boot.test.autoconfigure.web.servlet.WebDriverContextCustomizer@a8c1f44, org.springframework.test.context.support.DynamicPropertiesContextCustomizer@0, org.springframework.boot.test.context.SpringBootTestAnnotation@68b105a8], resourceBasePath = "src/main/webapp", contextLoader = org.springframework.boot.test.context.SpringBootContextLoader, parent = null]
	at org.springframework.test.context.cache.DefaultCacheAwareContextLoaderDelegate.loadContext(DefaultCacheAwareContextLoaderDelegate.java:180)
	at org.springframework.test.context.support.DefaultTestContext.getApplicationContext(DefaultTestContext.java:130)
	at org.springframework.test.context.web.ServletTestExecutionListener.setUpRequestContextIfNecessary(ServletTestExecutionListener.java:200)
	at org.springframework.test.context.web.ServletTestExecutionListener.prepareTestInstance(ServletTestExecutionListener.java:139)
	at org.springframework.test.context.TestContextManager.prepareTestInstance(TestContextManager.java:260)
	at org.springframework.test.context.junit.jupiter.SpringExtension.postProcessTestInstance(SpringExtension.java:159)
	at org.junit.jupiter.engine.descriptor.ClassBasedTestDescriptor.lambda$invokeTestInstancePostProcessors$10(ClassBasedTestDescriptor.java:383)
	at org.junit.jupiter.engine.descriptor.ClassBasedTestDescriptor.executeAndMaskThrowable(ClassBasedTestDescriptor.java:388)
	at org.junit.jupiter.engine.descriptor.ClassBasedTestDescriptor.lambda$invokeTestInstancePostProcessors$11(ClassBasedTestDescriptor.java:382)
	at java.base/java.util.stream.ForEachOps$ForEachOp$OfRef.accept(ForEachOps.java:184)
	at java.base/java.util.stream.ReferencePipeline$3$1.accept(ReferencePipeline.java:197)
	at java.base/java.util.stream.ReferencePipeline$2$1.accept(ReferencePipeline.java:179)
	at java.base/java.util.stream.ReferencePipeline$3$1.accept(ReferencePipeline.java:197)
	at java.base/java.util.ArrayList$ArrayListSpliterator.forEachRemaining(ArrayList.java:1708)
	at java.base/java.util.stream.AbstractPipeline.copyInto(AbstractPipeline.java:509)
	at java.base/java.util.stream.AbstractPipeline.wrapAndCopyInto(AbstractPipeline.java:499)
	at java.base/java.util.stream.ForEachOps$ForEachOp.evaluateSequential(ForEachOps.java:151)
	at java.base/java.util.stream.ForEachOps$ForEachOp$OfRef.evaluateSequential(ForEachOps.java:174)
	at java.base/java.util.stream.AbstractPipeline.evaluate(AbstractPipeline.java:234)
	at java.base/java.util.stream.ReferencePipeline.forEach(ReferencePipeline.java:596)
	at org.junit.jupiter.engine.descriptor.ClassBasedTestDescriptor.invokeTestInstancePostProcessors(ClassBasedTestDescriptor.java:382)
	at org.junit.jupiter.engine.descriptor.ClassBasedTestDescriptor.lambda$instantiateAndPostProcessTestInstance$6(ClassBasedTestDescriptor.java:293)
	at org.junit.platform.engine.support.hierarchical.ThrowableCollector.execute(ThrowableCollector.java:73)
	at org.junit.jupiter.engine.descriptor.ClassBasedTestDescriptor.instantiateAndPostProcessTestInstance(ClassBasedTestDescriptor.java:292)
	at org.junit.jupiter.engine.descriptor.ClassBasedTestDescriptor.lambda$testInstancesProvider$4(ClassBasedTestDescriptor.java:281)
	at java.base/java.util.Optional.orElseGet(Optional.java:364)
	at org.junit.jupiter.engine.descriptor.ClassBasedTestDescriptor.lambda$testInstancesProvider$5(ClassBasedTestDescriptor.java:280)
	at org.junit.jupiter.engine.execution.TestInstancesProvider.getTestInstances(TestInstancesProvider.java:27)
	at org.junit.jupiter.engine.descriptor.TestMethodTestDescriptor.lambda$prepare$0(TestMethodTestDescriptor.java:112)
	at org.junit.platform.engine.support.hierarchical.ThrowableCollector.execute(ThrowableCollector.java:73)
	at org.junit.jupiter.engine.descriptor.TestMethodTestDescriptor.prepare(TestMethodTestDescriptor.java:111)
	at org.junit.jupiter.engine.descriptor.TestMethodTestDescriptor.prepare(TestMethodTestDescriptor.java:69)
	at org.junit.platform.engine.support.hierarchical.NodeTestTask.lambda$prepare$2(NodeTestTask.java:128)
	at org.junit.platform.engine.support.hierarchical.ThrowableCollector.execute(ThrowableCollector.java:73)
	at org.junit.platform.engine.support.hierarchical.NodeTestTask.prepare(NodeTestTask.java:128)
	at org.junit.platform.engine.support.hierarchical.NodeTestTask.execute(NodeTestTask.java:95)
	at java.base/java.util.ArrayList.forEach(ArrayList.java:1596)
	at org.junit.platform.engine.support.hierarchical.SameThreadHierarchicalTestExecutorService.invokeAll(SameThreadHierarchicalTestExecutorService.java:41)
	at org.junit.platform.engine.support.hierarchical.NodeTestTask.lambda$executeRecursively$6(NodeTestTask.java:160)
	at org.junit.platform.engine.support.hierarchical.ThrowableCollector.execute(ThrowableCollector.java:73)
	at org.junit.platform.engine.support.hierarchical.NodeTestTask.lambda$executeRecursively$8(NodeTestTask.java:146)
	at org.junit.platform.engine.support.hierarchical.Node.around(Node.java:137)
	at org.junit.platform.engine.support.hierarchical.NodeTestTask.lambda$executeRecursively$9(NodeTestTask.java:144)
	at org.junit.platform.engine.support.hierarchical.ThrowableCollector.execute(ThrowableCollector.java:73)
	at org.junit.platform.engine.support.hierarchical.NodeTestTask.executeRecursively(NodeTestTask.java:143)
	at org.junit.platform.engine.support.hierarchical.NodeTestTask.execute(NodeTestTask.java:100)
	at java.base/java.util.ArrayList.forEach(ArrayList.java:1596)
	at org.junit.platform.engine.support.hierarchical.SameThreadHierarchicalTestExecutorService.invokeAll(SameThreadHierarchicalTestExecutorService.java:41)
	at org.junit.platform.engine.support.hierarchical.NodeTestTask.lambda$executeRecursively$6(NodeTestTask.java:160)
	at org.junit.platform.engine.support.hierarchical.ThrowableCollector.execute(ThrowableCollector.java:73)
	at org.junit.platform.engine.support.hierarchical.NodeTestTask.lambda$executeRecursively$8(NodeTestTask.java:146)
	at org.junit.platform.engine.support.hierarchical.Node.around(Node.java:137)
	at org.junit.platform.engine.support.hierarchical.NodeTestTask.lambda$executeRecursively$9(NodeTestTask.java:144)
	at org.junit.platform.engine.support.hierarchical.ThrowableCollector.execute(ThrowableCollector.java:73)
	at org.junit.platform.engine.support.hierarchical.NodeTestTask.executeRecursively(NodeTestTask.java:143)
	at org.junit.platform.engine.support.hierarchical.NodeTestTask.execute(NodeTestTask.java:100)
	at org.junit.platform.engine.support.hierarchical.SameThreadHierarchicalTestExecutorService.submit(SameThreadHierarchicalTestExecutorService.java:35)
	at org.junit.platform.engine.support.hierarchical.HierarchicalTestExecutor.execute(HierarchicalTestExecutor.java:57)
	at org.junit.platform.engine.support.hierarchical.HierarchicalTestEngine.execute(HierarchicalTestEngine.java:54)
	at org.junit.platform.launcher.core.EngineExecutionOrchestrator.execute(EngineExecutionOrchestrator.java:201)
	at org.junit.platform.launcher.core.EngineExecutionOrchestrator.execute(EngineExecutionOrchestrator.java:170)
	at org.junit.platform.launcher.core.EngineExecutionOrchestrator.execute(EngineExecutionOrchestrator.java:94)
	at org.junit.platform.launcher.core.EngineExecutionOrchestrator.lambda$execute$0(EngineExecutionOrchestrator.java:59)
	at org.junit.platform.launcher.core.EngineExecutionOrchestrator.withInterceptedStreams(EngineExecutionOrchestrator.java:142)
	at org.junit.platform.launcher.core.EngineExecutionOrchestrator.execute(EngineExecutionOrchestrator.java:58)
	at org.junit.platform.launcher.core.DefaultLauncher.execute(DefaultLauncher.java:103)
	at org.junit.platform.launcher.core.DefaultLauncher.execute(DefaultLauncher.java:85)
	at org.junit.platform.launcher.core.DelegatingLauncher.execute(DelegatingLauncher.java:47)
	at org.junit.platform.launcher.core.InterceptingLauncher.lambda$execute$1(InterceptingLauncher.java:39)
	at org.junit.platform.launcher.core.ClasspathAlignmentCheckingLauncherInterceptor.intercept(ClasspathAlignmentCheckingLauncherInterceptor.java:25)
	at org.junit.platform.launcher.core.InterceptingLauncher.execute(InterceptingLauncher.java:38)
	at org.junit.platform.launcher.core.DelegatingLauncher.execute(DelegatingLauncher.java:47)
	at org.junit.platform.launcher.core.SessionPerRequestLauncher.execute(SessionPerRequestLauncher.java:63)
	at com.intellij.junit5.JUnit5IdeaTestRunner.startRunnerWithArgs(JUnit5IdeaTestRunner.java:57)
	at com.intellij.rt.junit.IdeaTestRunner$Repeater$1.execute(IdeaTestRunner.java:38)
	at com.intellij.rt.execution.junit.TestsRepeater.repeat(TestsRepeater.java:11)
	at com.intellij.rt.junit.IdeaTestRunner$Repeater.startRunnerWithArgs(IdeaTestRunner.java:35)
	at com.intellij.rt.junit.JUnitStarter.prepareStreamsAndStart(JUnitStarter.java:232)
	at com.intellij.rt.junit.JUnitStarter.main(JUnitStarter.java:55)
Caused by: org.springframework.beans.factory.UnsatisfiedDependencyException: Error creating bean with name 'courseController': Unsatisfied dependency expressed through field 'courseService': Error creating bean with name 'courseServiceImpl': Unsatisfied dependency expressed through field 'courseMapper': Error creating bean with name 'courseMapper' defined in file [C:\Project\itheima-hz-01\qk-parent\qk-management\target\classes\com\qk\management\mapper\CourseMapper.class]: Cannot resolve reference to bean 'sqlSessionTemplate' while setting bean property 'sqlSessionTemplate'
	at org.springframework.beans.factory.annotation.AutowiredAnnotationBeanPostProcessor$AutowiredFieldElement.resolveFieldValue(AutowiredAnnotationBeanPostProcessor.java:787)
	at org.springframework.beans.factory.annotation.AutowiredAnnotationBeanPostProcessor$AutowiredFieldElement.inject(AutowiredAnnotationBeanPostProcessor.java:767)
	at org.springframework.beans.factory.annotation.InjectionMetadata.inject(InjectionMetadata.java:146)
	at org.springframework.beans.factory.annotation.AutowiredAnnotationBeanPostProcessor.postProcessProperties(AutowiredAnnotationBeanPostProcessor.java:509)
	at org.springframework.beans.factory.support.AbstractAutowireCapableBeanFactory.populateBean(AbstractAutowireCapableBeanFactory.java:1459)
	at org.springframework.beans.factory.support.AbstractAutowireCapableBeanFactory.doCreateBean(AbstractAutowireCapableBeanFactory.java:606)
	at org.springframework.beans.factory.support.AbstractAutowireCapableBeanFactory.createBean(AbstractAutowireCapableBeanFactory.java:529)
	at org.springframework.beans.factory.support.AbstractBeanFactory.lambda$doGetBean$0(AbstractBeanFactory.java:339)
	at org.springframework.beans.factory.support.DefaultSingletonBeanRegistry.getSingleton(DefaultSingletonBeanRegistry.java:373)
	at org.springframework.beans.factory.support.AbstractBeanFactory.doGetBean(AbstractBeanFactory.java:337)
	at org.springframework.beans.factory.support.AbstractBeanFactory.getBean(AbstractBeanFactory.java:202)
	at org.springframework.beans.factory.support.DefaultListableBeanFactory.instantiateSingleton(DefaultListableBeanFactory.java:1228)
	at org.springframework.beans.factory.support.DefaultListableBeanFactory.preInstantiateSingleton(DefaultListableBeanFactory.java:1194)
	at org.springframework.beans.factory.support.DefaultListableBeanFactory.preInstantiateSingletons(DefaultListableBeanFactory.java:1130)
	at org.springframework.context.support.AbstractApplicationContext.finishBeanFactoryInitialization(AbstractApplicationContext.java:991)
	at org.springframework.context.support.AbstractApplicationContext.refresh(AbstractApplicationContext.java:628)
	at org.springframework.boot.SpringApplication.refresh(SpringApplication.java:752)
	at org.springframework.boot.SpringApplication.refreshContext(SpringApplication.java:439)
	at org.springframework.boot.SpringApplication.run(SpringApplication.java:318)
	at org.springframework.boot.test.context.SpringBootContextLoader.lambda$loadContext$3(SpringBootContextLoader.java:151)
	at org.springframework.util.function.ThrowingSupplier.get(ThrowingSupplier.java:58)
	at org.springframework.util.function.ThrowingSupplier.get(ThrowingSupplier.java:46)
	at org.springframework.boot.SpringApplication.withHook(SpringApplication.java:1461)
	at org.springframework.boot.test.context.SpringBootContextLoader$ContextLoaderHook.run(SpringBootContextLoader.java:590)
	at org.springframework.boot.test.context.SpringBootContextLoader.loadContext(SpringBootContextLoader.java:151)
	at org.springframework.boot.test.context.SpringBootContextLoader.loadContext(SpringBootContextLoader.java:110)
	at org.springframework.test.context.cache.DefaultCacheAwareContextLoaderDelegate.loadContextInternal(DefaultCacheAwareContextLoaderDelegate.java:225)
	at org.springframework.test.context.cache.DefaultCacheAwareContextLoaderDelegate.loadContext(DefaultCacheAwareContextLoaderDelegate.java:152)
	... 78 common frames omitted
Caused by: org.springframework.beans.factory.UnsatisfiedDependencyException: Error creating bean with name 'courseServiceImpl': Unsatisfied dependency expressed through field 'courseMapper': Error creating bean with name 'courseMapper' defined in file [C:\Project\itheima-hz-01\qk-parent\qk-management\target\classes\com\qk\management\mapper\CourseMapper.class]: Cannot resolve reference to bean 'sqlSessionTemplate' while setting bean property 'sqlSessionTemplate'
	at org.springframework.beans.factory.annotation.AutowiredAnnotationBeanPostProcessor$AutowiredFieldElement.resolveFieldValue(AutowiredAnnotationBeanPostProcessor.java:787)
	at org.springframework.beans.factory.annotation.AutowiredAnnotationBeanPostProcessor$AutowiredFieldElement.inject(AutowiredAnnotationBeanPostProcessor.java:767)
	at org.springframework.beans.factory.annotation.InjectionMetadata.inject(InjectionMetadata.java:146)
	at org.springframework.beans.factory.annotation.AutowiredAnnotationBeanPostProcessor.postProcessProperties(AutowiredAnnotationBeanPostProcessor.java:509)
	at org.springframework.beans.factory.support.AbstractAutowireCapableBeanFactory.populateBean(AbstractAutowireCapableBeanFactory.java:1459)
	at org.springframework.beans.factory.support.AbstractAutowireCapableBeanFactory.doCreateBean(AbstractAutowireCapableBeanFactory.java:606)
	at org.springframework.beans.factory.support.AbstractAutowireCapableBeanFactory.createBean(AbstractAutowireCapableBeanFactory.java:529)
	at org.springframework.beans.factory.support.AbstractBeanFactory.lambda$doGetBean$0(AbstractBeanFactory.java:339)
	at org.springframework.beans.factory.support.DefaultSingletonBeanRegistry.getSingleton(DefaultSingletonBeanRegistry.java:373)
	at org.springframework.beans.factory.support.AbstractBeanFactory.doGetBean(AbstractBeanFactory.java:337)
	at org.springframework.beans.factory.support.AbstractBeanFactory.getBean(AbstractBeanFactory.java:202)
	at org.springframework.beans.factory.config.DependencyDescriptor.resolveCandidate(DependencyDescriptor.java:254)
	at org.springframework.beans.factory.support.DefaultListableBeanFactory.doResolveDependency(DefaultListableBeanFactory.java:1770)
	at org.springframework.beans.factory.support.DefaultListableBeanFactory.resolveDependency(DefaultListableBeanFactory.java:1653)
	at org.springframework.beans.factory.annotation.AutowiredAnnotationBeanPostProcessor$AutowiredFieldElement.resolveFieldValue(AutowiredAnnotationBeanPostProcessor.java:784)
	... 105 common frames omitted
Caused by: org.springframework.beans.factory.BeanCreationException: Error creating bean with name 'courseMapper' defined in file [C:\Project\itheima-hz-01\qk-parent\qk-management\target\classes\com\qk\management\mapper\CourseMapper.class]: Cannot resolve reference to bean 'sqlSessionTemplate' while setting bean property 'sqlSessionTemplate'
	at org.springframework.beans.factory.support.BeanDefinitionValueResolver.resolveReference(BeanDefinitionValueResolver.java:377)
	at org.springframework.beans.factory.support.BeanDefinitionValueResolver.resolveValueIfNecessary(BeanDefinitionValueResolver.java:135)
	at org.springframework.beans.factory.support.AbstractAutowireCapableBeanFactory.applyPropertyValues(AbstractAutowireCapableBeanFactory.java:1725)
	at org.springframework.beans.factory.support.AbstractAutowireCapableBeanFactory.populateBean(AbstractAutowireCapableBeanFactory.java:1474)
	at org.springframework.beans.factory.support.AbstractAutowireCapableBeanFactory.doCreateBean(AbstractAutowireCapableBeanFactory.java:606)
	at org.springframework.beans.factory.support.AbstractAutowireCapableBeanFactory.createBean(AbstractAutowireCapableBeanFactory.java:529)
	at org.springframework.beans.factory.support.AbstractBeanFactory.lambda$doGetBean$0(AbstractBeanFactory.java:339)
	at org.springframework.beans.factory.support.DefaultSingletonBeanRegistry.getSingleton(DefaultSingletonBeanRegistry.java:373)
	at org.springframework.beans.factory.support.AbstractBeanFactory.doGetBean(AbstractBeanFactory.java:337)
	at org.springframework.beans.factory.support.AbstractBeanFactory.getBean(AbstractBeanFactory.java:202)
	at org.springframework.beans.factory.support.DefaultListableBeanFactory.doResolveDependency(DefaultListableBeanFactory.java:1708)
	at org.springframework.beans.factory.support.DefaultListableBeanFactory.resolveDependency(DefaultListableBeanFactory.java:1653)
	at org.springframework.beans.factory.annotation.AutowiredAnnotationBeanPostProcessor$AutowiredFieldElement.resolveFieldValue(AutowiredAnnotationBeanPostProcessor.java:784)
	... 119 common frames omitted
Caused by: org.springframework.beans.factory.UnsatisfiedDependencyException: Error creating bean with name 'sqlSessionTemplate' defined in class path resource [com/baomidou/mybatisplus/autoconfigure/MybatisPlusAutoConfiguration.class]: Unsatisfied dependency expressed through method 'sqlSessionTemplate' parameter 0: Error creating bean with name 'sqlSessionFactory' defined in class path resource [com/baomidou/mybatisplus/autoconfigure/MybatisPlusAutoConfiguration.class]: Failed to instantiate [org.apache.ibatis.session.SqlSessionFactory]: Factory method 'sqlSessionFactory' threw exception with message: Failed to parse mapping resource: 'file [C:\Project\itheima-hz-01\qk-parent\qk-management\target\classes\mapper\UserMapper.xml]'
	at org.springframework.beans.factory.support.ConstructorResolver.createArgumentArray(ConstructorResolver.java:804)
	at org.springframework.beans.factory.support.ConstructorResolver.instantiateUsingFactoryMethod(ConstructorResolver.java:546)
	at org.springframework.beans.factory.support.AbstractAutowireCapableBeanFactory.instantiateUsingFactoryMethod(AbstractAutowireCapableBeanFactory.java:1375)
	at org.springframework.beans.factory.support.AbstractAutowireCapableBeanFactory.createBeanInstance(AbstractAutowireCapableBeanFactory.java:1205)
	at org.springframework.beans.factory.support.AbstractAutowireCapableBeanFactory.doCreateBean(AbstractAutowireCapableBeanFactory.java:569)
	at org.springframework.beans.factory.support.AbstractAutowireCapableBeanFactory.createBean(AbstractAutowireCapableBeanFactory.java:529)
	at org.springframework.beans.factory.support.AbstractBeanFactory.lambda$doGetBean$0(AbstractBeanFactory.java:339)
	at org.springframework.beans.factory.support.DefaultSingletonBeanRegistry.getSingleton(DefaultSingletonBeanRegistry.java:373)
	at org.springframework.beans.factory.support.AbstractBeanFactory.doGetBean(AbstractBeanFactory.java:337)
	at org.springframework.beans.factory.support.AbstractBeanFactory.getBean(AbstractBeanFactory.java:202)
	at org.springframework.beans.factory.support.BeanDefinitionValueResolver.resolveReference(BeanDefinitionValueResolver.java:365)
	... 131 common frames omitted
Caused by: org.springframework.beans.factory.BeanCreationException: Error creating bean with name 'sqlSessionFactory' defined in class path resource [com/baomidou/mybatisplus/autoconfigure/MybatisPlusAutoConfiguration.class]: Failed to instantiate [org.apache.ibatis.session.SqlSessionFactory]: Factory method 'sqlSessionFactory' threw exception with message: Failed to parse mapping resource: 'file [C:\Project\itheima-hz-01\qk-parent\qk-management\target\classes\mapper\UserMapper.xml]'
	at org.springframework.beans.factory.support.ConstructorResolver.instantiate(ConstructorResolver.java:657)
	at org.springframework.beans.factory.support.ConstructorResolver.instantiateUsingFactoryMethod(ConstructorResolver.java:645)
	at org.springframework.beans.factory.support.AbstractAutowireCapableBeanFactory.instantiateUsingFactoryMethod(AbstractAutowireCapableBeanFactory.java:1375)
	at org.springframework.beans.factory.support.AbstractAutowireCapableBeanFactory.createBeanInstance(AbstractAutowireCapableBeanFactory.java:1205)
	at org.springframework.beans.factory.support.AbstractAutowireCapableBeanFactory.doCreateBean(AbstractAutowireCapableBeanFactory.java:569)
	at org.springframework.beans.factory.support.AbstractAutowireCapableBeanFactory.createBean(AbstractAutowireCapableBeanFactory.java:529)
	at org.springframework.beans.factory.support.AbstractBeanFactory.lambda$doGetBean$0(AbstractBeanFactory.java:339)
	at org.springframework.beans.factory.support.DefaultSingletonBeanRegistry.getSingleton(DefaultSingletonBeanRegistry.java:373)
	at org.springframework.beans.factory.support.AbstractBeanFactory.doGetBean(AbstractBeanFactory.java:337)
	at org.springframework.beans.factory.support.AbstractBeanFactory.getBean(AbstractBeanFactory.java:202)
	at org.springframework.beans.factory.support.DefaultListableBeanFactory.doResolveDependency(DefaultListableBeanFactory.java:1708)
	at org.springframework.beans.factory.support.DefaultListableBeanFactory.resolveDependency(DefaultListableBeanFactory.java:1653)
	at org.springframework.beans.factory.support.ConstructorResolver.resolveAutowiredArgument(ConstructorResolver.java:913)
	at org.springframework.beans.factory.support.ConstructorResolver.createArgumentArray(ConstructorResolver.java:791)
	... 141 common frames omitted
Caused by: org.springframework.beans.BeanInstantiationException: Failed to instantiate [org.apache.ibatis.session.SqlSessionFactory]: Factory method 'sqlSessionFactory' threw exception with message: Failed to parse mapping resource: 'file [C:\Project\itheima-hz-01\qk-parent\qk-management\target\classes\mapper\UserMapper.xml]'
	at org.springframework.beans.factory.support.SimpleInstantiationStrategy.lambda$instantiate$0(SimpleInstantiationStrategy.java:200)
	at org.springframework.beans.factory.support.SimpleInstantiationStrategy.instantiateWithFactoryMethod(SimpleInstantiationStrategy.java:89)
	at org.springframework.beans.factory.support.SimpleInstantiationStrategy.instantiate(SimpleInstantiationStrategy.java:169)
	at org.springframework.beans.factory.support.ConstructorResolver.instantiate(ConstructorResolver.java:653)
	... 154 common frames omitted
Caused by: java.io.IOException: Failed to parse mapping resource: 'file [C:\Project\itheima-hz-01\qk-parent\qk-management\target\classes\mapper\UserMapper.xml]'
	at com.baomidou.mybatisplus.extension.spring.MybatisSqlSessionFactoryBean.buildSqlSessionFactory(MybatisSqlSessionFactoryBean.java:684)
	at com.baomidou.mybatisplus.extension.spring.MybatisSqlSessionFactoryBean.afterPropertiesSet(MybatisSqlSessionFactoryBean.java:557)
	at com.baomidou.mybatisplus.extension.spring.MybatisSqlSessionFactoryBean.getObject(MybatisSqlSessionFactoryBean.java:715)
	at com.baomidou.mybatisplus.autoconfigure.MybatisPlusAutoConfiguration.sqlSessionFactory(MybatisPlusAutoConfiguration.java:223)
	at java.base/jdk.internal.reflect.DirectMethodHandleAccessor.invoke(DirectMethodHandleAccessor.java:103)
	at java.base/java.lang.reflect.Method.invoke(Method.java:580)
	at org.springframework.beans.factory.support.SimpleInstantiationStrategy.lambda$instantiate$0(SimpleInstantiationStrategy.java:172)
	... 157 common frames omitted
Caused by: org.apache.ibatis.builder.BuilderException: Error parsing Mapper XML. The XML location is 'file [C:\Project\itheima-hz-01\qk-parent\qk-management\target\classes\mapper\UserMapper.xml]'. Cause: org.apache.ibatis.builder.BuilderException: Error resolving class. Cause: org.apache.ibatis.type.TypeException: Could not resolve type alias 'java.util.List<java.lang.Integer>'.  Cause: java.lang.ClassNotFoundException: Cannot find class: java.util.List<java.lang.Integer>
	at com.baomidou.mybatisplus.core.MybatisXMLMapperBuilder.configurationElement(MybatisXMLMapperBuilder.java:129)
	at com.baomidou.mybatisplus.core.MybatisXMLMapperBuilder.parse(MybatisXMLMapperBuilder.java:102)
	at com.baomidou.mybatisplus.extension.spring.MybatisSqlSessionFactoryBean.buildSqlSessionFactory(MybatisSqlSessionFactoryBean.java:682)
	... 163 common frames omitted
Caused by: org.apache.ibatis.builder.BuilderException: Error resolving class. Cause: org.apache.ibatis.type.TypeException: Could not resolve type alias 'java.util.List<java.lang.Integer>'.  Cause: java.lang.ClassNotFoundException: Cannot find class: java.util.List<java.lang.Integer>
	at org.apache.ibatis.builder.BaseBuilder.resolveClass(BaseBuilder.java:103)
	at org.apache.ibatis.builder.xml.XMLStatementBuilder.parseStatementNode(XMLStatementBuilder.java:78)
	at com.baomidou.mybatisplus.core.MybatisXMLMapperBuilder.buildStatementFromContext(MybatisXMLMapperBuilder.java:145)
	at com.baomidou.mybatisplus.core.MybatisXMLMapperBuilder.buildStatementFromContext(MybatisXMLMapperBuilder.java:137)
	at com.baomidou.mybatisplus.core.MybatisXMLMapperBuilder.configurationElement(MybatisXMLMapperBuilder.java:127)
	... 165 common frames omitted
Caused by: org.apache.ibatis.type.TypeException: Could not resolve type alias 'java.util.List<java.lang.Integer>'.  Cause: java.lang.ClassNotFoundException: Cannot find class: java.util.List<java.lang.Integer>
	at org.apache.ibatis.type.TypeAliasRegistry.resolveAlias(TypeAliasRegistry.java:128)
	at org.apache.ibatis.builder.BaseBuilder.resolveAlias(BaseBuilder.java:132)
	at org.apache.ibatis.builder.BaseBuilder.resolveClass(BaseBuilder.java:101)
	... 169 common frames omitted
Caused by: java.lang.ClassNotFoundException: Cannot find class: java.util.List<java.lang.Integer>
	at org.apache.ibatis.io.ClassLoaderWrapper.classForName(ClassLoaderWrapper.java:226)
	at org.apache.ibatis.io.ClassLoaderWrapper.classForName(ClassLoaderWrapper.java:103)
	at org.apache.ibatis.io.Resources.classForName(Resources.java:322)
	at org.apache.ibatis.type.TypeAliasRegistry.resolveAlias(TypeAliasRegistry.java:124)
	... 171 common frames omitted
2026-04-28 19:59:04.403 [background-preinit] INFO  org.hibernate.validator.internal.util.Version-HV000001: Hibernate Validator 8.0.3.Final
2026-04-28 19:59:04.456 [restartedMain] INFO  com.qk.QkApp-Starting QkApp using Java 21.0.10 with PID 8460 (C:\Project\itheima-hz-01\qk-parent\qk-management\target\classes started by 33465 in C:\Project\itheima-hz-01\qk-parent)
2026-04-28 19:59:04.457 [restartedMain] INFO  com.qk.QkApp-No active profile set, falling back to 1 default profile: "default"
2026-04-28 19:59:04.503 [restartedMain] INFO  o.s.b.d.env.DevToolsPropertyDefaultsPostProcessor-Devtools property defaults active! Set 'spring.devtools.add-properties' to 'false' to disable
2026-04-28 19:59:04.503 [restartedMain] INFO  o.s.b.d.env.DevToolsPropertyDefaultsPostProcessor-For additional web related logging consider setting the 'logging.level.web' property to 'DEBUG'
2026-04-28 19:59:05.885 [restartedMain] INFO  o.s.boot.web.embedded.tomcat.TomcatWebServer-Tomcat initialized with port 8080 (http)
2026-04-28 19:59:05.901 [restartedMain] INFO  org.apache.coyote.http11.Http11NioProtocol-Initializing ProtocolHandler ["http-nio-8080"]
2026-04-28 19:59:05.902 [restartedMain] INFO  org.apache.catalina.core.StandardService-Starting service [Tomcat]
2026-04-28 19:59:05.902 [restartedMain] INFO  org.apache.catalina.core.StandardEngine-Starting Servlet engine: [Apache Tomcat/10.1.53]
2026-04-28 19:59:05.975 [restartedMain] INFO  o.a.c.core.ContainerBase.[Tomcat].[localhost].[/]-Initializing Spring embedded WebApplicationContext
2026-04-28 19:59:05.975 [restartedMain] INFO  o.s.b.w.s.c.ServletWebServerApplicationContext-Root WebApplicationContext: initialization completed in 1472 ms
2026-04-28 19:59:06.590 [restartedMain] INFO  c.b.m.e.spring.MybatisPlusApplicationContextAware-Register ApplicationContext instances org.springframework.boot.web.servlet.context.AnnotationConfigServletWebServerApplicationContext@1a4eda3f
2026-04-28 19:59:06.779 [restartedMain] INFO  o.s.b.d.autoconfigure.OptionalLiveReloadServer-LiveReload server is running on port 35729
2026-04-28 19:59:06.802 [restartedMain] INFO  org.apache.coyote.http11.Http11NioProtocol-Starting ProtocolHandler ["http-nio-8080"]
2026-04-28 19:59:06.821 [restartedMain] INFO  o.s.boot.web.embedded.tomcat.TomcatWebServer-Tomcat started on port 8080 (http) with context path '/'
2026-04-28 19:59:06.831 [restartedMain] INFO  com.qk.QkApp-Started QkApp in 2.757 seconds (process running for 3.78)
2026-04-28 19:59:12.487 [http-nio-8080-exec-1] INFO  o.a.c.core.ContainerBase.[Tomcat].[localhost].[/]-Initializing Spring DispatcherServlet 'dispatcherServlet'
2026-04-28 19:59:12.487 [http-nio-8080-exec-1] INFO  org.springframework.web.servlet.DispatcherServlet-Initializing Servlet 'dispatcherServlet'
2026-04-28 19:59:12.488 [http-nio-8080-exec-1] INFO  org.springframework.web.servlet.DispatcherServlet-Completed initialization in 1 ms
2026-04-28 19:59:12.649 [http-nio-8080-exec-1] INFO  com.zaxxer.hikari.HikariDataSource-HikariPool-1 - Starting...
2026-04-28 19:59:13.368 [http-nio-8080-exec-1] INFO  com.zaxxer.hikari.pool.HikariPool-HikariPool-1 - Added connection com.mysql.cj.jdbc.ConnectionImpl@75879845
2026-04-28 19:59:13.371 [http-nio-8080-exec-1] INFO  com.zaxxer.hikari.HikariDataSource-HikariPool-1 - Start completed.
2026-04-28 20:00:04.938 [http-nio-8080-exec-3] ERROR c.qk.management.handler.QkGlobalExceptionHandler-程序异常
org.springframework.web.multipart.MaxUploadSizeExceededException: Maximum upload size exceeded
	at org.springframework.web.multipart.support.StandardMultipartHttpServletRequest.handleParseFailure(StandardMultipartHttpServletRequest.java:126)
	at org.springframework.web.multipart.support.StandardMultipartHttpServletRequest.parseRequest(StandardMultipartHttpServletRequest.java:112)
	at org.springframework.web.multipart.support.StandardMultipartHttpServletRequest.<init>(StandardMultipartHttpServletRequest.java:88)
	at org.springframework.web.multipart.support.StandardServletMultipartResolver.resolveMultipart(StandardServletMultipartResolver.java:112)
	at org.springframework.web.servlet.DispatcherServlet.checkMultipart(DispatcherServlet.java:1228)
	at org.springframework.web.servlet.DispatcherServlet.doDispatch(DispatcherServlet.java:1061)
	at org.springframework.web.servlet.DispatcherServlet.doService(DispatcherServlet.java:979)
	at org.springframework.web.servlet.FrameworkServlet.processRequest(FrameworkServlet.java:1014)
	at org.springframework.web.servlet.FrameworkServlet.doPost(FrameworkServlet.java:914)
	at jakarta.servlet.http.HttpServlet.service(HttpServlet.java:590)
	at org.springframework.web.servlet.FrameworkServlet.service(FrameworkServlet.java:885)
	at jakarta.servlet.http.HttpServlet.service(HttpServlet.java:658)
	at org.apache.catalina.core.ApplicationFilterChain.internalDoFilter(ApplicationFilterChain.java:193)
	at org.apache.catalina.core.ApplicationFilterChain.doFilter(ApplicationFilterChain.java:138)
	at org.apache.tomcat.websocket.server.WsFilter.doFilter(WsFilter.java:51)
	at org.apache.catalina.core.ApplicationFilterChain.internalDoFilter(ApplicationFilterChain.java:162)
	at org.apache.catalina.core.ApplicationFilterChain.doFilter(ApplicationFilterChain.java:138)
	at org.springframework.web.filter.RequestContextFilter.doFilterInternal(RequestContextFilter.java:100)
	at org.springframework.web.filter.OncePerRequestFilter.doFilter(OncePerRequestFilter.java:116)
	at org.apache.catalina.core.ApplicationFilterChain.internalDoFilter(ApplicationFilterChain.java:162)
	at org.apache.catalina.core.ApplicationFilterChain.doFilter(ApplicationFilterChain.java:138)
	at org.springframework.web.filter.FormContentFilter.doFilterInternal(FormContentFilter.java:93)
	at org.springframework.web.filter.OncePerRequestFilter.doFilter(OncePerRequestFilter.java:116)
	at org.apache.catalina.core.ApplicationFilterChain.internalDoFilter(ApplicationFilterChain.java:162)
	at org.apache.catalina.core.ApplicationFilterChain.doFilter(ApplicationFilterChain.java:138)
	at org.springframework.web.filter.CharacterEncodingFilter.doFilterInternal(CharacterEncodingFilter.java:201)
	at org.springframework.web.filter.OncePerRequestFilter.doFilter(OncePerRequestFilter.java:116)
	at org.apache.catalina.core.ApplicationFilterChain.internalDoFilter(ApplicationFilterChain.java:162)
	at org.apache.catalina.core.ApplicationFilterChain.doFilter(ApplicationFilterChain.java:138)
	at org.apache.catalina.core.StandardWrapperValve.invoke(StandardWrapperValve.java:165)
	at org.apache.catalina.core.StandardContextValve.invoke(StandardContextValve.java:88)
	at org.apache.catalina.authenticator.AuthenticatorBase.invoke(AuthenticatorBase.java:492)
	at org.apache.catalina.core.StandardHostValve.invoke(StandardHostValve.java:113)
	at org.apache.catalina.valves.ErrorReportValve.invoke(ErrorReportValve.java:83)
	at org.apache.catalina.core.StandardEngineValve.invoke(StandardEngineValve.java:72)
	at org.apache.catalina.connector.CoyoteAdapter.service(CoyoteAdapter.java:342)
	at org.apache.coyote.http11.Http11Processor.service(Http11Processor.java:399)
	at org.apache.coyote.AbstractProcessorLight.process(AbstractProcessorLight.java:63)
	at org.apache.coyote.AbstractProtocol$ConnectionHandler.process(AbstractProtocol.java:903)
	at org.apache.tomcat.util.net.NioEndpoint$SocketProcessor.doRun(NioEndpoint.java:1775)
	at org.apache.tomcat.util.net.SocketProcessorBase.run(SocketProcessorBase.java:52)
	at org.apache.tomcat.util.threads.ThreadPoolExecutor.runWorker(ThreadPoolExecutor.java:973)
	at org.apache.tomcat.util.threads.ThreadPoolExecutor$Worker.run(ThreadPoolExecutor.java:491)
	at org.apache.tomcat.util.threads.TaskThread$WrappingRunnable.run(TaskThread.java:63)
	at java.base/java.lang.Thread.run(Thread.java:1583)
Caused by: java.lang.IllegalStateException: org.apache.tomcat.util.http.fileupload.impl.FileSizeLimitExceededException: The field image exceeds its maximum permitted size of 1048576 bytes.
	at org.apache.catalina.connector.Request.parseParts(Request.java:2720)
	at org.apache.catalina.connector.Request.getParts(Request.java:2534)
	at org.apache.catalina.connector.RequestFacade.getParts(RequestFacade.java:770)
	at org.springframework.web.multipart.support.StandardMultipartHttpServletRequest.parseRequest(StandardMultipartHttpServletRequest.java:95)
	... 43 common frames omitted
Caused by: org.apache.tomcat.util.http.fileupload.impl.FileSizeLimitExceededException: The field image exceeds its maximum permitted size of 1048576 bytes.
	at org.apache.tomcat.util.http.fileupload.impl.FileItemStreamImpl$1.raiseError(FileItemStreamImpl.java:117)
	at org.apache.tomcat.util.http.fileupload.util.LimitedInputStream.checkLimit(LimitedInputStream.java:64)
	at org.apache.tomcat.util.http.fileupload.util.LimitedInputStream.read(LimitedInputStream.java:160)
	at java.base/java.io.FilterInputStream.read(FilterInputStream.java:95)
	at org.apache.tomcat.util.http.fileupload.util.Streams.copy(Streams.java:119)
	at org.apache.tomcat.util.http.fileupload.FileUploadBase.parseRequest(FileUploadBase.java:468)
	at org.apache.catalina.connector.Request.parseParts(Request.java:2675)
	... 46 common frames omitted
2026-04-28 20:00:04.943 [http-nio-8080-exec-3] WARN  o.s.w.s.m.m.a.ExceptionHandlerExceptionResolver-Resolved [org.springframework.web.multipart.MaxUploadSizeExceededException: Maximum upload size exceeded]
2026-04-28 20:00:27.276 [http-nio-8080-exec-4] INFO  com.qk.management.controller.FileController-文件上传成功：https://qkgj-istar.oss-cn-hangzhou.aliyuncs.com/2026/04/28/c7f0bec211cc44c1910a976b6d154783.png
2026-04-28 20:00:43.835 [http-nio-8080-exec-5] INFO  com.qk.management.controller.UserController-保存的用户信息为:{"username":"test2","name":"测试2","phone":"13000001111","email":"yuncdsfahuang4@gmail.com","gender":1,"status":1,"deptId":12,"image":"https://qkgj-istar.oss-cn-hangzhou.aliyuncs.com/2026/04/28/c7f0bec211cc44c1910a976b6d154783.png","remark":""}
2026-04-28 20:01:51.331 [SpringApplicationShutdownHook] INFO  o.s.boot.web.embedded.tomcat.GracefulShutdown-Commencing graceful shutdown. Waiting for active requests to complete
2026-04-28 20:01:51.336 [tomcat-shutdown] INFO  o.s.boot.web.embedded.tomcat.GracefulShutdown-Graceful shutdown complete
2026-04-28 20:01:51.341 [SpringApplicationShutdownHook] INFO  com.zaxxer.hikari.HikariDataSource-HikariPool-1 - Shutdown initiated...
2026-04-28 20:01:51.347 [SpringApplicationShutdownHook] INFO  com.zaxxer.hikari.HikariDataSource-HikariPool-1 - Shutdown completed.
2026-04-28 20:15:57.682 [background-preinit] INFO  org.hibernate.validator.internal.util.Version-HV000001: Hibernate Validator 8.0.3.Final
2026-04-28 20:15:57.733 [restartedMain] INFO  com.qk.QkApp-Starting QkApp using Java 21.0.10 with PID 22268 (C:\Project\itheima-hz-01\qk-parent\qk-management\target\classes started by 33465 in C:\Project\itheima-hz-01\qk-parent)
2026-04-28 20:15:57.733 [restartedMain] INFO  com.qk.QkApp-No active profile set, falling back to 1 default profile: "default"
2026-04-28 20:15:57.779 [restartedMain] INFO  o.s.b.d.env.DevToolsPropertyDefaultsPostProcessor-Devtools property defaults active! Set 'spring.devtools.add-properties' to 'false' to disable
2026-04-28 20:15:57.781 [restartedMain] INFO  o.s.b.d.env.DevToolsPropertyDefaultsPostProcessor-For additional web related logging consider setting the 'logging.level.web' property to 'DEBUG'
2026-04-28 20:15:59.072 [restartedMain] INFO  o.s.boot.web.embedded.tomcat.TomcatWebServer-Tomcat initialized with port 8080 (http)
2026-04-28 20:15:59.087 [restartedMain] INFO  org.apache.coyote.http11.Http11NioProtocol-Initializing ProtocolHandler ["http-nio-8080"]
2026-04-28 20:15:59.088 [restartedMain] INFO  org.apache.catalina.core.StandardService-Starting service [Tomcat]
2026-04-28 20:15:59.089 [restartedMain] INFO  org.apache.catalina.core.StandardEngine-Starting Servlet engine: [Apache Tomcat/10.1.53]
2026-04-28 20:15:59.154 [restartedMain] INFO  o.a.c.core.ContainerBase.[Tomcat].[localhost].[/]-Initializing Spring embedded WebApplicationContext
2026-04-28 20:15:59.154 [restartedMain] INFO  o.s.b.w.s.c.ServletWebServerApplicationContext-Root WebApplicationContext: initialization completed in 1373 ms
2026-04-28 20:15:59.738 [restartedMain] INFO  c.b.m.e.spring.MybatisPlusApplicationContextAware-Register ApplicationContext instances org.springframework.boot.web.servlet.context.AnnotationConfigServletWebServerApplicationContext@3745e54a
2026-04-28 20:15:59.906 [restartedMain] INFO  o.s.b.d.autoconfigure.OptionalLiveReloadServer-LiveReload server is running on port 35729
2026-04-28 20:15:59.925 [restartedMain] INFO  org.apache.coyote.http11.Http11NioProtocol-Starting ProtocolHandler ["http-nio-8080"]
2026-04-28 20:15:59.941 [restartedMain] INFO  o.s.boot.web.embedded.tomcat.TomcatWebServer-Tomcat started on port 8080 (http) with context path '/'
2026-04-28 20:15:59.950 [restartedMain] INFO  com.qk.QkApp-Started QkApp in 2.615 seconds (process running for 3.531)
2026-04-28 20:16:33.837 [http-nio-8080-exec-2] INFO  o.a.c.core.ContainerBase.[Tomcat].[localhost].[/]-Initializing Spring DispatcherServlet 'dispatcherServlet'
2026-04-28 20:16:33.842 [http-nio-8080-exec-2] INFO  org.springframework.web.servlet.DispatcherServlet-Initializing Servlet 'dispatcherServlet'
2026-04-28 20:16:33.843 [http-nio-8080-exec-2] INFO  org.springframework.web.servlet.DispatcherServlet-Completed initialization in 1 ms
2026-04-28 20:16:33.974 [http-nio-8080-exec-1] INFO  com.zaxxer.hikari.HikariDataSource-HikariPool-1 - Starting...
2026-04-28 20:16:34.657 [http-nio-8080-exec-1] INFO  com.zaxxer.hikari.pool.HikariPool-HikariPool-1 - Added connection com.mysql.cj.jdbc.ConnectionImpl@739e06ba
2026-04-28 20:16:34.660 [http-nio-8080-exec-1] INFO  com.zaxxer.hikari.HikariDataSource-HikariPool-1 - Start completed.
2026-04-28 20:17:16.505 [SpringApplicationShutdownHook] INFO  o.s.boot.web.embedded.tomcat.GracefulShutdown-Commencing graceful shutdown. Waiting for active requests to complete
2026-04-28 20:17:16.512 [tomcat-shutdown] INFO  o.s.boot.web.embedded.tomcat.GracefulShutdown-Graceful shutdown complete
2026-04-28 20:17:16.516 [SpringApplicationShutdownHook] INFO  com.zaxxer.hikari.HikariDataSource-HikariPool-1 - Shutdown initiated...
2026-04-28 20:17:16.521 [SpringApplicationShutdownHook] INFO  com.zaxxer.hikari.HikariDataSource-HikariPool-1 - Shutdown completed.
2026-04-28 20:27:13.794 [background-preinit] INFO  org.hibernate.validator.internal.util.Version-HV000001: Hibernate Validator 8.0.3.Final
2026-04-28 20:27:13.845 [restartedMain] INFO  com.qk.QkApp-Starting QkApp using Java 21.0.10 with PID 19064 (C:\Project\itheima-hz-01\qk-parent\qk-management\target\classes started by 33465 in C:\Project\itheima-hz-01\qk-parent)
2026-04-28 20:27:13.846 [restartedMain] INFO  com.qk.QkApp-No active profile set, falling back to 1 default profile: "default"
2026-04-28 20:27:13.892 [restartedMain] INFO  o.s.b.d.env.DevToolsPropertyDefaultsPostProcessor-Devtools property defaults active! Set 'spring.devtools.add-properties' to 'false' to disable
2026-04-28 20:27:13.892 [restartedMain] INFO  o.s.b.d.env.DevToolsPropertyDefaultsPostProcessor-For additional web related logging consider setting the 'logging.level.web' property to 'DEBUG'
2026-04-28 20:27:15.178 [restartedMain] INFO  o.s.boot.web.embedded.tomcat.TomcatWebServer-Tomcat initialized with port 8080 (http)
2026-04-28 20:27:15.192 [restartedMain] INFO  org.apache.coyote.http11.Http11NioProtocol-Initializing ProtocolHandler ["http-nio-8080"]
2026-04-28 20:27:15.193 [restartedMain] INFO  org.apache.catalina.core.StandardService-Starting service [Tomcat]
2026-04-28 20:27:15.194 [restartedMain] INFO  org.apache.catalina.core.StandardEngine-Starting Servlet engine: [Apache Tomcat/10.1.53]
2026-04-28 20:27:15.259 [restartedMain] INFO  o.a.c.core.ContainerBase.[Tomcat].[localhost].[/]-Initializing Spring embedded WebApplicationContext
2026-04-28 20:27:15.260 [restartedMain] INFO  o.s.b.w.s.c.ServletWebServerApplicationContext-Root WebApplicationContext: initialization completed in 1367 ms
2026-04-28 20:27:15.865 [restartedMain] INFO  c.b.m.e.spring.MybatisPlusApplicationContextAware-Register ApplicationContext instances org.springframework.boot.web.servlet.context.AnnotationConfigServletWebServerApplicationContext@317bf223
2026-04-28 20:27:16.029 [restartedMain] INFO  o.s.b.d.autoconfigure.OptionalLiveReloadServer-LiveReload server is running on port 35729
2026-04-28 20:27:16.050 [restartedMain] INFO  org.apache.coyote.http11.Http11NioProtocol-Starting ProtocolHandler ["http-nio-8080"]
2026-04-28 20:27:16.066 [restartedMain] INFO  o.s.boot.web.embedded.tomcat.TomcatWebServer-Tomcat started on port 8080 (http) with context path '/'
2026-04-28 20:27:16.074 [restartedMain] INFO  com.qk.QkApp-Started QkApp in 2.611 seconds (process running for 3.538)
2026-04-28 20:27:23.747 [http-nio-8080-exec-3] INFO  o.a.c.core.ContainerBase.[Tomcat].[localhost].[/]-Initializing Spring DispatcherServlet 'dispatcherServlet'
2026-04-28 20:27:23.749 [http-nio-8080-exec-3] INFO  org.springframework.web.servlet.DispatcherServlet-Initializing Servlet 'dispatcherServlet'
2026-04-28 20:27:23.751 [http-nio-8080-exec-3] INFO  org.springframework.web.servlet.DispatcherServlet-Completed initialization in 1 ms
2026-04-28 20:27:23.855 [http-nio-8080-exec-3] INFO  com.zaxxer.hikari.HikariDataSource-HikariPool-1 - Starting...
2026-04-28 20:27:24.529 [http-nio-8080-exec-3] INFO  com.zaxxer.hikari.pool.HikariPool-HikariPool-1 - Added connection com.mysql.cj.jdbc.ConnectionImpl@2f8bb388
2026-04-28 20:27:24.529 [http-nio-8080-exec-3] INFO  com.zaxxer.hikari.HikariDataSource-HikariPool-1 - Start completed.
2026-04-28 20:34:21.488 [File Watcher] INFO  o.s.b.d.a.LocalDevToolsAutoConfiguration$RestartingClassPathChangeChangedEventListener-Restarting due to 1 class path change (0 additions, 0 deletions, 1 modification)
2026-04-28 20:34:21.492 [Thread-5] INFO  o.s.boot.web.embedded.tomcat.GracefulShutdown-Commencing graceful shutdown. Waiting for active requests to complete
2026-04-28 20:34:21.493 [tomcat-shutdown] INFO  org.apache.coyote.http11.Http11NioProtocol-Pausing ProtocolHandler ["http-nio-8080"]
2026-04-28 20:34:21.502 [tomcat-shutdown] INFO  o.s.boot.web.embedded.tomcat.GracefulShutdown-Graceful shutdown complete
2026-04-28 20:34:21.502 [Thread-5] INFO  org.apache.coyote.http11.Http11NioProtocol-Stopping ProtocolHandler ["http-nio-8080"]
2026-04-28 20:34:21.505 [Thread-5] INFO  com.zaxxer.hikari.HikariDataSource-HikariPool-1 - Shutdown initiated...
2026-04-28 20:34:21.511 [Thread-5] INFO  com.zaxxer.hikari.HikariDataSource-HikariPool-1 - Shutdown completed.
2026-04-28 20:34:21.603 [restartedMain] INFO  com.qk.QkApp-Starting QkApp using Java 21.0.10 with PID 19064 (C:\Project\itheima-hz-01\qk-parent\qk-management\target\classes started by 33465 in C:\Project\itheima-hz-01\qk-parent)
2026-04-28 20:34:21.603 [restartedMain] INFO  com.qk.QkApp-No active profile set, falling back to 1 default profile: "default"
2026-04-28 20:34:21.998 [restartedMain] INFO  o.s.boot.web.embedded.tomcat.TomcatWebServer-Tomcat initialized with port 8080 (http)
2026-04-28 20:34:21.998 [restartedMain] INFO  org.apache.coyote.http11.Http11NioProtocol-Initializing ProtocolHandler ["http-nio-8080"]
2026-04-28 20:34:21.998 [restartedMain] INFO  org.apache.catalina.core.StandardService-Starting service [Tomcat]
2026-04-28 20:34:21.999 [restartedMain] INFO  org.apache.catalina.core.StandardEngine-Starting Servlet engine: [Apache Tomcat/10.1.53]
2026-04-28 20:34:22.038 [restartedMain] INFO  o.a.c.core.ContainerBase.[Tomcat].[localhost].[/]-Initializing Spring embedded WebApplicationContext
2026-04-28 20:34:22.038 [restartedMain] INFO  o.s.b.w.s.c.ServletWebServerApplicationContext-Root WebApplicationContext: initialization completed in 432 ms
2026-04-28 20:34:22.176 [restartedMain] INFO  c.b.m.e.spring.MybatisPlusApplicationContextAware-Register ApplicationContext instances org.springframework.boot.web.servlet.context.AnnotationConfigServletWebServerApplicationContext@1b4486d8
2026-04-28 20:34:22.204 [restartedMain] INFO  o.s.b.d.autoconfigure.OptionalLiveReloadServer-LiveReload server is running on port 35729
2026-04-28 20:34:22.211 [restartedMain] INFO  org.apache.coyote.http11.Http11NioProtocol-Starting ProtocolHandler ["http-nio-8080"]
2026-04-28 20:34:22.215 [restartedMain] INFO  o.s.boot.web.embedded.tomcat.TomcatWebServer-Tomcat started on port 8080 (http) with context path '/'
2026-04-28 20:34:22.219 [restartedMain] INFO  com.qk.QkApp-Started QkApp in 0.659 seconds (process running for 429.677)
2026-04-28 20:34:22.221 [restartedMain] INFO  o.s.b.d.a.ConditionEvaluationDeltaLoggingListener-Condition evaluation unchanged
2026-04-28 20:34:28.447 [SpringApplicationShutdownHook] INFO  o.s.boot.web.embedded.tomcat.GracefulShutdown-Commencing graceful shutdown. Waiting for active requests to complete
2026-04-28 20:34:28.455 [tomcat-shutdown] INFO  o.s.boot.web.embedded.tomcat.GracefulShutdown-Graceful shutdown complete
2026-04-28 20:35:02.460 [background-preinit] INFO  org.hibernate.validator.internal.util.Version-HV000001: Hibernate Validator 8.0.3.Final
2026-04-28 20:35:02.528 [restartedMain] INFO  com.qk.QkApp-Starting QkApp using Java 21.0.10 with PID 21232 (C:\Project\itheima-hz-01\qk-parent\qk-management\target\classes started by 33465 in C:\Project\itheima-hz-01\qk-parent)
2026-04-28 20:35:02.530 [restartedMain] INFO  com.qk.QkApp-No active profile set, falling back to 1 default profile: "default"
2026-04-28 20:35:02.588 [restartedMain] INFO  o.s.b.d.env.DevToolsPropertyDefaultsPostProcessor-Devtools property defaults active! Set 'spring.devtools.add-properties' to 'false' to disable
2026-04-28 20:35:02.589 [restartedMain] INFO  o.s.b.d.env.DevToolsPropertyDefaultsPostProcessor-For additional web related logging consider setting the 'logging.level.web' property to 'DEBUG'
2026-04-28 20:35:04.117 [restartedMain] INFO  o.s.boot.web.embedded.tomcat.TomcatWebServer-Tomcat initialized with port 8080 (http)
2026-04-28 20:35:04.133 [restartedMain] INFO  org.apache.coyote.http11.Http11NioProtocol-Initializing ProtocolHandler ["http-nio-8080"]
2026-04-28 20:35:04.133 [restartedMain] INFO  org.apache.catalina.core.StandardService-Starting service [Tomcat]
2026-04-28 20:35:04.133 [restartedMain] INFO  org.apache.catalina.core.StandardEngine-Starting Servlet engine: [Apache Tomcat/10.1.53]
2026-04-28 20:35:04.261 [restartedMain] INFO  o.a.c.core.ContainerBase.[Tomcat].[localhost].[/]-Initializing Spring embedded WebApplicationContext
2026-04-28 20:35:04.261 [restartedMain] INFO  o.s.b.w.s.c.ServletWebServerApplicationContext-Root WebApplicationContext: initialization completed in 1672 ms
2026-04-28 20:35:05.266 [restartedMain] INFO  c.b.m.e.spring.MybatisPlusApplicationContextAware-Register ApplicationContext instances org.springframework.boot.web.servlet.context.AnnotationConfigServletWebServerApplicationContext@3745e54a
2026-04-28 20:35:05.574 [restartedMain] INFO  o.s.b.d.autoconfigure.OptionalLiveReloadServer-LiveReload server is running on port 35729
2026-04-28 20:35:05.600 [restartedMain] INFO  org.apache.coyote.http11.Http11NioProtocol-Starting ProtocolHandler ["http-nio-8080"]
2026-04-28 20:35:05.631 [restartedMain] INFO  o.s.boot.web.embedded.tomcat.TomcatWebServer-Tomcat started on port 8080 (http) with context path '/'
2026-04-28 20:35:05.650 [restartedMain] INFO  com.qk.QkApp-Started QkApp in 3.626 seconds (process running for 4.527)
2026-04-28 20:35:32.991 [http-nio-8080-exec-1] INFO  o.a.c.core.ContainerBase.[Tomcat].[localhost].[/]-Initializing Spring DispatcherServlet 'dispatcherServlet'
2026-04-28 20:35:32.992 [http-nio-8080-exec-1] INFO  org.springframework.web.servlet.DispatcherServlet-Initializing Servlet 'dispatcherServlet'
2026-04-28 20:35:32.993 [http-nio-8080-exec-1] INFO  org.springframework.web.servlet.DispatcherServlet-Completed initialization in 1 ms
2026-04-28 20:35:33.105 [http-nio-8080-exec-1] INFO  com.zaxxer.hikari.HikariDataSource-HikariPool-1 - Starting...
2026-04-28 20:35:33.722 [http-nio-8080-exec-1] INFO  com.zaxxer.hikari.pool.HikariPool-HikariPool-1 - Added connection com.mysql.cj.jdbc.ConnectionImpl@3350d40e
2026-04-28 20:35:33.730 [http-nio-8080-exec-1] INFO  com.zaxxer.hikari.HikariDataSource-HikariPool-1 - Start completed.
2026-04-28 20:35:44.582 [http-nio-8080-exec-4] ERROR c.qk.management.handler.QkGlobalExceptionHandler-程序异常
org.springframework.web.servlet.resource.NoResourceFoundException: No static resource report/overview.
	at org.springframework.web.servlet.resource.ResourceHttpRequestHandler.handleRequest(ResourceHttpRequestHandler.java:585)
	at org.springframework.web.servlet.mvc.HttpRequestHandlerAdapter.handle(HttpRequestHandlerAdapter.java:52)
	at org.springframework.web.servlet.DispatcherServlet.doDispatch(DispatcherServlet.java:1089)
	at org.springframework.web.servlet.DispatcherServlet.doService(DispatcherServlet.java:979)
	at org.springframework.web.servlet.FrameworkServlet.processRequest(FrameworkServlet.java:1014)
	at org.springframework.web.servlet.FrameworkServlet.doGet(FrameworkServlet.java:903)
	at jakarta.servlet.http.HttpServlet.service(HttpServlet.java:564)
	at org.springframework.web.servlet.FrameworkServlet.service(FrameworkServlet.java:885)
	at jakarta.servlet.http.HttpServlet.service(HttpServlet.java:658)
	at org.apache.catalina.core.ApplicationFilterChain.internalDoFilter(ApplicationFilterChain.java:193)
	at org.apache.catalina.core.ApplicationFilterChain.doFilter(ApplicationFilterChain.java:138)
	at org.apache.tomcat.websocket.server.WsFilter.doFilter(WsFilter.java:51)
	at org.apache.catalina.core.ApplicationFilterChain.internalDoFilter(ApplicationFilterChain.java:162)
	at org.apache.catalina.core.ApplicationFilterChain.doFilter(ApplicationFilterChain.java:138)
	at org.springframework.web.filter.RequestContextFilter.doFilterInternal(RequestContextFilter.java:100)
	at org.springframework.web.filter.OncePerRequestFilter.doFilter(OncePerRequestFilter.java:116)
	at org.apache.catalina.core.ApplicationFilterChain.internalDoFilter(ApplicationFilterChain.java:162)
	at org.apache.catalina.core.ApplicationFilterChain.doFilter(ApplicationFilterChain.java:138)
	at org.springframework.web.filter.FormContentFilter.doFilterInternal(FormContentFilter.java:93)
	at org.springframework.web.filter.OncePerRequestFilter.doFilter(OncePerRequestFilter.java:116)
	at org.apache.catalina.core.ApplicationFilterChain.internalDoFilter(ApplicationFilterChain.java:162)
	at org.apache.catalina.core.ApplicationFilterChain.doFilter(ApplicationFilterChain.java:138)
	at org.springframework.web.filter.CharacterEncodingFilter.doFilterInternal(CharacterEncodingFilter.java:201)
	at org.springframework.web.filter.OncePerRequestFilter.doFilter(OncePerRequestFilter.java:116)
	at org.apache.catalina.core.ApplicationFilterChain.internalDoFilter(ApplicationFilterChain.java:162)
	at org.apache.catalina.core.ApplicationFilterChain.doFilter(ApplicationFilterChain.java:138)
	at org.apache.catalina.core.StandardWrapperValve.invoke(StandardWrapperValve.java:165)
	at org.apache.catalina.core.StandardContextValve.invoke(StandardContextValve.java:88)
	at org.apache.catalina.authenticator.AuthenticatorBase.invoke(AuthenticatorBase.java:492)
	at org.apache.catalina.core.StandardHostValve.invoke(StandardHostValve.java:113)
	at org.apache.catalina.valves.ErrorReportValve.invoke(ErrorReportValve.java:83)
	at org.apache.catalina.core.StandardEngineValve.invoke(StandardEngineValve.java:72)
	at org.apache.catalina.connector.CoyoteAdapter.service(CoyoteAdapter.java:342)
	at org.apache.coyote.http11.Http11Processor.service(Http11Processor.java:399)
	at org.apache.coyote.AbstractProcessorLight.process(AbstractProcessorLight.java:63)
	at org.apache.coyote.AbstractProtocol$ConnectionHandler.process(AbstractProtocol.java:903)
	at org.apache.tomcat.util.net.NioEndpoint$SocketProcessor.doRun(NioEndpoint.java:1775)
	at org.apache.tomcat.util.net.SocketProcessorBase.run(SocketProcessorBase.java:52)
	at org.apache.tomcat.util.threads.ThreadPoolExecutor.runWorker(ThreadPoolExecutor.java:973)
	at org.apache.tomcat.util.threads.ThreadPoolExecutor$Worker.run(ThreadPoolExecutor.java:491)
	at org.apache.tomcat.util.threads.TaskThread$WrappingRunnable.run(TaskThread.java:63)
	at java.base/java.lang.Thread.run(Thread.java:1583)
2026-04-28 20:35:44.591 [http-nio-8080-exec-4] WARN  o.s.w.s.m.m.a.ExceptionHandlerExceptionResolver-Resolved [org.springframework.web.servlet.resource.NoResourceFoundException: No static resource report/overview.]
2026-04-28 20:35:48.164 [http-nio-8080-exec-5] ERROR c.qk.management.handler.QkGlobalExceptionHandler-程序异常
org.springframework.web.servlet.resource.NoResourceFoundException: No static resource customers.
	at org.springframework.web.servlet.resource.ResourceHttpRequestHandler.handleRequest(ResourceHttpRequestHandler.java:585)
	at org.springframework.web.servlet.mvc.HttpRequestHandlerAdapter.handle(HttpRequestHandlerAdapter.java:52)
	at org.springframework.web.servlet.DispatcherServlet.doDispatch(DispatcherServlet.java:1089)
	at org.springframework.web.servlet.DispatcherServlet.doService(DispatcherServlet.java:979)
	at org.springframework.web.servlet.FrameworkServlet.processRequest(FrameworkServlet.java:1014)
	at org.springframework.web.servlet.FrameworkServlet.doGet(FrameworkServlet.java:903)
	at jakarta.servlet.http.HttpServlet.service(HttpServlet.java:564)
	at org.springframework.web.servlet.FrameworkServlet.service(FrameworkServlet.java:885)
	at jakarta.servlet.http.HttpServlet.service(HttpServlet.java:658)
	at org.apache.catalina.core.ApplicationFilterChain.internalDoFilter(ApplicationFilterChain.java:193)
	at org.apache.catalina.core.ApplicationFilterChain.doFilter(ApplicationFilterChain.java:138)
	at org.apache.tomcat.websocket.server.WsFilter.doFilter(WsFilter.java:51)
	at org.apache.catalina.core.ApplicationFilterChain.internalDoFilter(ApplicationFilterChain.java:162)
	at org.apache.catalina.core.ApplicationFilterChain.doFilter(ApplicationFilterChain.java:138)
	at org.springframework.web.filter.RequestContextFilter.doFilterInternal(RequestContextFilter.java:100)
	at org.springframework.web.filter.OncePerRequestFilter.doFilter(OncePerRequestFilter.java:116)
	at org.apache.catalina.core.ApplicationFilterChain.internalDoFilter(ApplicationFilterChain.java:162)
	at org.apache.catalina.core.ApplicationFilterChain.doFilter(ApplicationFilterChain.java:138)
	at org.springframework.web.filter.FormContentFilter.doFilterInternal(FormContentFilter.java:93)
	at org.springframework.web.filter.OncePerRequestFilter.doFilter(OncePerRequestFilter.java:116)
	at org.apache.catalina.core.ApplicationFilterChain.internalDoFilter(ApplicationFilterChain.java:162)
	at org.apache.catalina.core.ApplicationFilterChain.doFilter(ApplicationFilterChain.java:138)
	at org.springframework.web.filter.CharacterEncodingFilter.doFilterInternal(CharacterEncodingFilter.java:201)
	at org.springframework.web.filter.OncePerRequestFilter.doFilter(OncePerRequestFilter.java:116)
	at org.apache.catalina.core.ApplicationFilterChain.internalDoFilter(ApplicationFilterChain.java:162)
	at org.apache.catalina.core.ApplicationFilterChain.doFilter(ApplicationFilterChain.java:138)
	at org.apache.catalina.core.StandardWrapperValve.invoke(StandardWrapperValve.java:165)
	at org.apache.catalina.core.StandardContextValve.invoke(StandardContextValve.java:88)
	at org.apache.catalina.authenticator.AuthenticatorBase.invoke(AuthenticatorBase.java:492)
	at org.apache.catalina.core.StandardHostValve.invoke(StandardHostValve.java:113)
	at org.apache.catalina.valves.ErrorReportValve.invoke(ErrorReportValve.java:83)
	at org.apache.catalina.core.StandardEngineValve.invoke(StandardEngineValve.java:72)
	at org.apache.catalina.connector.CoyoteAdapter.service(CoyoteAdapter.java:342)
	at org.apache.coyote.http11.Http11Processor.service(Http11Processor.java:399)
	at org.apache.coyote.AbstractProcessorLight.process(AbstractProcessorLight.java:63)
	at org.apache.coyote.AbstractProtocol$ConnectionHandler.process(AbstractProtocol.java:903)
	at org.apache.tomcat.util.net.NioEndpoint$SocketProcessor.doRun(NioEndpoint.java:1775)
	at org.apache.tomcat.util.net.SocketProcessorBase.run(SocketProcessorBase.java:52)
	at org.apache.tomcat.util.threads.ThreadPoolExecutor.runWorker(ThreadPoolExecutor.java:973)
	at org.apache.tomcat.util.threads.ThreadPoolExecutor$Worker.run(ThreadPoolExecutor.java:491)
	at org.apache.tomcat.util.threads.TaskThread$WrappingRunnable.run(TaskThread.java:63)
	at java.base/java.lang.Thread.run(Thread.java:1583)
2026-04-28 20:35:48.168 [http-nio-8080-exec-5] WARN  o.s.w.s.m.m.a.ExceptionHandlerExceptionResolver-Resolved [org.springframework.web.servlet.resource.NoResourceFoundException: No static resource customers.]
2026-04-28 20:37:18.223 [File Watcher] INFO  o.s.b.d.a.LocalDevToolsAutoConfiguration$RestartingClassPathChangeChangedEventListener-Restarting due to 1 class path change (0 additions, 1 deletion, 0 modifications)
2026-04-28 20:37:18.229 [Thread-5] INFO  o.s.boot.web.embedded.tomcat.GracefulShutdown-Commencing graceful shutdown. Waiting for active requests to complete
2026-04-28 20:37:18.231 [tomcat-shutdown] INFO  org.apache.coyote.http11.Http11NioProtocol-Pausing ProtocolHandler ["http-nio-8080"]
2026-04-28 20:37:18.240 [tomcat-shutdown] INFO  o.s.boot.web.embedded.tomcat.GracefulShutdown-Graceful shutdown complete
2026-04-28 20:37:18.241 [Thread-5] INFO  org.apache.coyote.http11.Http11NioProtocol-Stopping ProtocolHandler ["http-nio-8080"]
2026-04-28 20:37:18.244 [Thread-5] INFO  com.zaxxer.hikari.HikariDataSource-HikariPool-1 - Shutdown initiated...
2026-04-28 20:37:18.282 [Thread-5] INFO  com.zaxxer.hikari.HikariDataSource-HikariPool-1 - Shutdown completed.
2026-04-28 20:37:18.438 [restartedMain] INFO  com.qk.QkApp-Starting QkApp using Java 21.0.10 with PID 21232 (C:\Project\itheima-hz-01\qk-parent\qk-management\target\classes started by 33465 in C:\Project\itheima-hz-01\qk-parent)
2026-04-28 20:37:18.439 [restartedMain] INFO  com.qk.QkApp-No active profile set, falling back to 1 default profile: "default"
2026-04-28 20:37:19.011 [restartedMain] INFO  o.s.boot.web.embedded.tomcat.TomcatWebServer-Tomcat initialized with port 8080 (http)
2026-04-28 20:37:19.012 [restartedMain] INFO  org.apache.coyote.http11.Http11NioProtocol-Initializing ProtocolHandler ["http-nio-8080"]
2026-04-28 20:37:19.012 [restartedMain] INFO  org.apache.catalina.core.StandardService-Starting service [Tomcat]
2026-04-28 20:37:19.012 [restartedMain] INFO  org.apache.catalina.core.StandardEngine-Starting Servlet engine: [Apache Tomcat/10.1.53]
2026-04-28 20:37:19.064 [restartedMain] INFO  o.a.c.core.ContainerBase.[Tomcat].[localhost].[/]-Initializing Spring embedded WebApplicationContext
2026-04-28 20:37:19.064 [restartedMain] INFO  o.s.b.w.s.c.ServletWebServerApplicationContext-Root WebApplicationContext: initialization completed in 625 ms
2026-04-28 20:37:19.337 [restartedMain] INFO  c.b.m.e.spring.MybatisPlusApplicationContextAware-Register ApplicationContext instances org.springframework.boot.web.servlet.context.AnnotationConfigServletWebServerApplicationContext@1bd4b326
2026-04-28 20:37:19.396 [restartedMain] INFO  o.s.b.d.autoconfigure.OptionalLiveReloadServer-LiveReload server is running on port 35729
2026-04-28 20:37:19.405 [restartedMain] INFO  org.apache.coyote.http11.Http11NioProtocol-Starting ProtocolHandler ["http-nio-8080"]
2026-04-28 20:37:19.412 [restartedMain] INFO  o.s.boot.web.embedded.tomcat.TomcatWebServer-Tomcat started on port 8080 (http) with context path '/'
2026-04-28 20:37:19.414 [restartedMain] INFO  com.qk.QkApp-Started QkApp in 1.051 seconds (process running for 138.289)
2026-04-28 20:37:19.416 [restartedMain] INFO  o.s.b.d.a.ConditionEvaluationDeltaLoggingListener-Condition evaluation unchanged
2026-04-28 20:37:27.222 [SpringApplicationShutdownHook] INFO  o.s.boot.web.embedded.tomcat.GracefulShutdown-Commencing graceful shutdown. Waiting for active requests to complete
2026-04-28 20:37:27.227 [tomcat-shutdown] INFO  o.s.boot.web.embedded.tomcat.GracefulShutdown-Graceful shutdown complete
2026-04-28 21:38:05.173 [background-preinit] INFO  org.hibernate.validator.internal.util.Version-HV000001: Hibernate Validator 8.0.3.Final
2026-04-28 21:38:05.242 [restartedMain] INFO  com.qk.QkApp-Starting QkApp using Java 21.0.10 with PID 12684 (C:\Project\itheima-hz-01\qk-parent\qk-management\target\classes started by 33465 in C:\Project\itheima-hz-01\qk-parent)
2026-04-28 21:38:05.243 [restartedMain] INFO  com.qk.QkApp-No active profile set, falling back to 1 default profile: "default"
2026-04-28 21:38:05.300 [restartedMain] INFO  o.s.b.d.env.DevToolsPropertyDefaultsPostProcessor-Devtools property defaults active! Set 'spring.devtools.add-properties' to 'false' to disable
2026-04-28 21:38:05.300 [restartedMain] INFO  o.s.b.d.env.DevToolsPropertyDefaultsPostProcessor-For additional web related logging consider setting the 'logging.level.web' property to 'DEBUG'
2026-04-28 21:38:06.869 [restartedMain] INFO  o.s.boot.web.embedded.tomcat.TomcatWebServer-Tomcat initialized with port 8080 (http)
2026-04-28 21:38:06.886 [restartedMain] INFO  org.apache.coyote.http11.Http11NioProtocol-Initializing ProtocolHandler ["http-nio-8080"]
2026-04-28 21:38:06.887 [restartedMain] INFO  org.apache.catalina.core.StandardService-Starting service [Tomcat]
2026-04-28 21:38:06.887 [restartedMain] INFO  org.apache.catalina.core.StandardEngine-Starting Servlet engine: [Apache Tomcat/10.1.53]
2026-04-28 21:38:06.964 [restartedMain] INFO  o.a.c.core.ContainerBase.[Tomcat].[localhost].[/]-Initializing Spring embedded WebApplicationContext
2026-04-28 21:38:06.965 [restartedMain] INFO  o.s.b.w.s.c.ServletWebServerApplicationContext-Root WebApplicationContext: initialization completed in 1663 ms
2026-04-28 21:38:07.699 [restartedMain] INFO  c.b.m.e.spring.MybatisPlusApplicationContextAware-Register ApplicationContext instances org.springframework.boot.web.servlet.context.AnnotationConfigServletWebServerApplicationContext@238cbd8c
2026-04-28 21:38:07.889 [restartedMain] INFO  o.s.b.d.autoconfigure.OptionalLiveReloadServer-LiveReload server is running on port 35729
2026-04-28 21:38:07.906 [restartedMain] INFO  org.apache.coyote.http11.Http11NioProtocol-Starting ProtocolHandler ["http-nio-8080"]
2026-04-28 21:38:07.926 [restartedMain] INFO  o.s.boot.web.embedded.tomcat.TomcatWebServer-Tomcat started on port 8080 (http) with context path '/'
2026-04-28 21:38:07.935 [restartedMain] INFO  com.qk.QkApp-Started QkApp in 3.173 seconds (process running for 4.214)
2026-04-28 21:38:17.733 [http-nio-8080-exec-1] INFO  o.a.c.core.ContainerBase.[Tomcat].[localhost].[/]-Initializing Spring DispatcherServlet 'dispatcherServlet'
2026-04-28 21:38:17.734 [http-nio-8080-exec-1] INFO  org.springframework.web.servlet.DispatcherServlet-Initializing Servlet 'dispatcherServlet'
2026-04-28 21:38:17.734 [http-nio-8080-exec-1] INFO  org.springframework.web.servlet.DispatcherServlet-Completed initialization in 0 ms
2026-04-28 21:38:17.864 [http-nio-8080-exec-1] ERROR c.qk.management.handler.QkGlobalExceptionHandler-程序异常
org.mybatis.spring.MyBatisSystemException: 
### Error querying database.  Cause: org.apache.ibatis.reflection.ReflectionException: There is no getter for property named 'name' in 'class com.qk.model.dto.ActivityPage'
### Cause: org.apache.ibatis.reflection.ReflectionException: There is no getter for property named 'name' in 'class com.qk.model.dto.ActivityPage'
	at org.mybatis.spring.MyBatisExceptionTranslator.translateExceptionIfPossible(MyBatisExceptionTranslator.java:101)
	at org.mybatis.spring.SqlSessionTemplate$SqlSessionInterceptor.invoke(SqlSessionTemplate.java:347)
	at jdk.proxy2/jdk.proxy2.$Proxy76.selectList(Unknown Source)
	at org.mybatis.spring.SqlSessionTemplate.selectList(SqlSessionTemplate.java:194)
	at com.baomidou.mybatisplus.core.override.MybatisMapperMethod.executeForMany(MybatisMapperMethod.java:164)
	at com.baomidou.mybatisplus.core.override.MybatisMapperMethod.execute(MybatisMapperMethod.java:77)
	at com.baomidou.mybatisplus.core.override.MybatisMapperProxy$PlainMethodInvoker.invoke(MybatisMapperProxy.java:156)
	at com.baomidou.mybatisplus.core.override.MybatisMapperProxy.invoke(MybatisMapperProxy.java:93)
	at jdk.proxy3/jdk.proxy3.$Proxy77.selectByPageCondition(Unknown Source)
	at com.qk.management.service.impl.ActivityServiceImpl.page(ActivityServiceImpl.java:33)
	at com.qk.management.controller.ActivityController.page(ActivityController.java:27)
	at java.base/jdk.internal.reflect.DirectMethodHandleAccessor.invoke(DirectMethodHandleAccessor.java:103)
	at java.base/java.lang.reflect.Method.invoke(Method.java:580)
	at org.springframework.web.method.support.InvocableHandlerMethod.doInvoke(InvocableHandlerMethod.java:258)
	at org.springframework.web.method.support.InvocableHandlerMethod.invokeForRequest(InvocableHandlerMethod.java:191)
	at org.springframework.web.servlet.mvc.method.annotation.ServletInvocableHandlerMethod.invokeAndHandle(ServletInvocableHandlerMethod.java:118)
	at org.springframework.web.servlet.mvc.method.annotation.RequestMappingHandlerAdapter.invokeHandlerMethod(RequestMappingHandlerAdapter.java:991)
	at org.springframework.web.servlet.mvc.method.annotation.RequestMappingHandlerAdapter.handleInternal(RequestMappingHandlerAdapter.java:896)
	at org.springframework.web.servlet.mvc.method.AbstractHandlerMethodAdapter.handle(AbstractHandlerMethodAdapter.java:87)
	at org.springframework.web.servlet.DispatcherServlet.doDispatch(DispatcherServlet.java:1089)
	at org.springframework.web.servlet.DispatcherServlet.doService(DispatcherServlet.java:979)
	at org.springframework.web.servlet.FrameworkServlet.processRequest(FrameworkServlet.java:1014)
	at org.springframework.web.servlet.FrameworkServlet.doGet(FrameworkServlet.java:903)
	at jakarta.servlet.http.HttpServlet.service(HttpServlet.java:564)
	at org.springframework.web.servlet.FrameworkServlet.service(FrameworkServlet.java:885)
	at jakarta.servlet.http.HttpServlet.service(HttpServlet.java:658)
	at org.apache.catalina.core.ApplicationFilterChain.internalDoFilter(ApplicationFilterChain.java:193)
	at org.apache.catalina.core.ApplicationFilterChain.doFilter(ApplicationFilterChain.java:138)
	at org.apache.tomcat.websocket.server.WsFilter.doFilter(WsFilter.java:51)
	at org.apache.catalina.core.ApplicationFilterChain.internalDoFilter(ApplicationFilterChain.java:162)
	at org.apache.catalina.core.ApplicationFilterChain.doFilter(ApplicationFilterChain.java:138)
	at org.springframework.web.filter.RequestContextFilter.doFilterInternal(RequestContextFilter.java:100)
	at org.springframework.web.filter.OncePerRequestFilter.doFilter(OncePerRequestFilter.java:116)
	at org.apache.catalina.core.ApplicationFilterChain.internalDoFilter(ApplicationFilterChain.java:162)
	at org.apache.catalina.core.ApplicationFilterChain.doFilter(ApplicationFilterChain.java:138)
	at org.springframework.web.filter.FormContentFilter.doFilterInternal(FormContentFilter.java:93)
	at org.springframework.web.filter.OncePerRequestFilter.doFilter(OncePerRequestFilter.java:116)
	at org.apache.catalina.core.ApplicationFilterChain.internalDoFilter(ApplicationFilterChain.java:162)
	at org.apache.catalina.core.ApplicationFilterChain.doFilter(ApplicationFilterChain.java:138)
	at org.springframework.web.filter.CharacterEncodingFilter.doFilterInternal(CharacterEncodingFilter.java:201)
	at org.springframework.web.filter.OncePerRequestFilter.doFilter(OncePerRequestFilter.java:116)
	at org.apache.catalina.core.ApplicationFilterChain.internalDoFilter(ApplicationFilterChain.java:162)
	at org.apache.catalina.core.ApplicationFilterChain.doFilter(ApplicationFilterChain.java:138)
	at org.apache.catalina.core.StandardWrapperValve.invoke(StandardWrapperValve.java:165)
	at org.apache.catalina.core.StandardContextValve.invoke(StandardContextValve.java:88)
	at org.apache.catalina.authenticator.AuthenticatorBase.invoke(AuthenticatorBase.java:492)
	at org.apache.catalina.core.StandardHostValve.invoke(StandardHostValve.java:113)
	at org.apache.catalina.valves.ErrorReportValve.invoke(ErrorReportValve.java:83)
	at org.apache.catalina.core.StandardEngineValve.invoke(StandardEngineValve.java:72)
	at org.apache.catalina.connector.CoyoteAdapter.service(CoyoteAdapter.java:342)
	at org.apache.coyote.http11.Http11Processor.service(Http11Processor.java:399)
	at org.apache.coyote.AbstractProcessorLight.process(AbstractProcessorLight.java:63)
	at org.apache.coyote.AbstractProtocol$ConnectionHandler.process(AbstractProtocol.java:903)
	at org.apache.tomcat.util.net.NioEndpoint$SocketProcessor.doRun(NioEndpoint.java:1775)
	at org.apache.tomcat.util.net.SocketProcessorBase.run(SocketProcessorBase.java:52)
	at org.apache.tomcat.util.threads.ThreadPoolExecutor.runWorker(ThreadPoolExecutor.java:973)
	at org.apache.tomcat.util.threads.ThreadPoolExecutor$Worker.run(ThreadPoolExecutor.java:491)
	at org.apache.tomcat.util.threads.TaskThread$WrappingRunnable.run(TaskThread.java:63)
	at java.base/java.lang.Thread.run(Thread.java:1583)
Caused by: org.apache.ibatis.reflection.ReflectionException: There is no getter for property named 'name' in 'class com.qk.model.dto.ActivityPage'
	at org.apache.ibatis.reflection.Reflector.getGetInvoker(Reflector.java:385)
	at org.apache.ibatis.reflection.MetaClass.getGetInvoker(MetaClass.java:160)
	at org.apache.ibatis.reflection.wrapper.BeanWrapper.getBeanProperty(BeanWrapper.java:156)
	at org.apache.ibatis.reflection.wrapper.BeanWrapper.get(BeanWrapper.java:50)
	at org.apache.ibatis.reflection.MetaObject.getValue(MetaObject.java:115)
	at org.apache.ibatis.scripting.xmltags.DynamicContext$ContextMap.get(DynamicContext.java:102)
	at org.apache.ibatis.scripting.xmltags.DynamicContext$ContextAccessor.getProperty(DynamicContext.java:112)
	at org.apache.ibatis.ognl.OgnlRuntime.getProperty(OgnlRuntime.java:2352)
	at org.apache.ibatis.ognl.ASTProperty.getValueBody(ASTProperty.java:95)
	at org.apache.ibatis.ognl.SimpleNode.evaluateGetValueBody(SimpleNode.java:171)
	at org.apache.ibatis.ognl.SimpleNode.getValue(SimpleNode.java:206)
	at org.apache.ibatis.ognl.ASTNotEq.getValueBody(ASTNotEq.java:34)
	at org.apache.ibatis.ognl.SimpleNode.evaluateGetValueBody(SimpleNode.java:171)
	at org.apache.ibatis.ognl.SimpleNode.getValue(SimpleNode.java:206)
	at org.apache.ibatis.ognl.Ognl.getValue(Ognl.java:408)
	at org.apache.ibatis.ognl.Ognl.getValue(Ognl.java:383)
	at org.apache.ibatis.scripting.xmltags.OgnlCache.getValue(OgnlCache.java:47)
	at org.apache.ibatis.scripting.xmltags.ExpressionEvaluator.evaluateBoolean(ExpressionEvaluator.java:34)
	at org.apache.ibatis.scripting.xmltags.IfSqlNode.apply(IfSqlNode.java:33)
	at org.apache.ibatis.scripting.xmltags.MixedSqlNode.lambda$apply$0(MixedSqlNode.java:32)
	at java.base/java.util.ArrayList.forEach(ArrayList.java:1596)
	at org.apache.ibatis.scripting.xmltags.MixedSqlNode.apply(MixedSqlNode.java:32)
	at org.apache.ibatis.scripting.xmltags.DynamicSqlSource.getBoundSql(DynamicSqlSource.java:39)
	at org.apache.ibatis.mapping.MappedStatement.getBoundSql(MappedStatement.java:320)
	at com.github.pagehelper.PageInterceptor.intercept(PageInterceptor.java:128)
	at org.apache.ibatis.plugin.Plugin.invoke(Plugin.java:59)
	at jdk.proxy2/jdk.proxy2.$Proxy95.query(Unknown Source)
	at org.apache.ibatis.session.defaults.DefaultSqlSession.selectList(DefaultSqlSession.java:154)
	at org.apache.ibatis.session.defaults.DefaultSqlSession.selectList(DefaultSqlSession.java:147)
	at org.apache.ibatis.session.defaults.DefaultSqlSession.selectList(DefaultSqlSession.java:142)
	at java.base/jdk.internal.reflect.DirectMethodHandleAccessor.invoke(DirectMethodHandleAccessor.java:103)
	at java.base/java.lang.reflect.Method.invoke(Method.java:580)
	at org.mybatis.spring.SqlSessionTemplate$SqlSessionInterceptor.invoke(SqlSessionTemplate.java:333)
	... 57 common frames omitted
2026-04-28 21:38:17.957 [http-nio-8080-exec-1] WARN  o.s.w.s.m.m.a.ExceptionHandlerExceptionResolver-Resolved [org.mybatis.spring.MyBatisSystemException: <EOL><EOL>### Error querying database.  Cause: org.apache.ibatis.reflection.ReflectionException: There is no getter for property named 'name' in 'class com.qk.model.dto.ActivityPage'<EOL><EOL>### Cause: org.apache.ibatis.reflection.ReflectionException: There is no getter for property named 'name' in 'class com.qk.model.dto.ActivityPage']
2026-04-28 21:43:09.138 [SpringApplicationShutdownHook] INFO  o.s.boot.web.embedded.tomcat.GracefulShutdown-Commencing graceful shutdown. Waiting for active requests to complete
2026-04-28 21:43:09.146 [tomcat-shutdown] INFO  o.s.boot.web.embedded.tomcat.GracefulShutdown-Graceful shutdown complete
2026-04-28 21:44:13.901 [background-preinit] INFO  org.hibernate.validator.internal.util.Version-HV000001: Hibernate Validator 8.0.3.Final
2026-04-28 21:44:13.956 [restartedMain] INFO  com.qk.QkApp-Starting QkApp using Java 21.0.10 with PID 23084 (C:\Project\itheima-hz-01\qk-parent\qk-management\target\classes started by 33465 in C:\Project\itheima-hz-01\qk-parent)
2026-04-28 21:44:13.957 [restartedMain] INFO  com.qk.QkApp-No active profile set, falling back to 1 default profile: "default"
2026-04-28 21:44:14.016 [restartedMain] INFO  o.s.b.d.env.DevToolsPropertyDefaultsPostProcessor-Devtools property defaults active! Set 'spring.devtools.add-properties' to 'false' to disable
2026-04-28 21:44:14.016 [restartedMain] INFO  o.s.b.d.env.DevToolsPropertyDefaultsPostProcessor-For additional web related logging consider setting the 'logging.level.web' property to 'DEBUG'
2026-04-28 21:44:15.545 [restartedMain] INFO  o.s.boot.web.embedded.tomcat.TomcatWebServer-Tomcat initialized with port 8080 (http)
2026-04-28 21:44:15.560 [restartedMain] INFO  org.apache.coyote.http11.Http11NioProtocol-Initializing ProtocolHandler ["http-nio-8080"]
2026-04-28 21:44:15.563 [restartedMain] INFO  org.apache.catalina.core.StandardService-Starting service [Tomcat]
2026-04-28 21:44:15.563 [restartedMain] INFO  org.apache.catalina.core.StandardEngine-Starting Servlet engine: [Apache Tomcat/10.1.53]
2026-04-28 21:44:15.631 [restartedMain] INFO  o.a.c.core.ContainerBase.[Tomcat].[localhost].[/]-Initializing Spring embedded WebApplicationContext
2026-04-28 21:44:15.631 [restartedMain] INFO  o.s.b.w.s.c.ServletWebServerApplicationContext-Root WebApplicationContext: initialization completed in 1614 ms
2026-04-28 21:44:16.318 [restartedMain] INFO  c.b.m.e.spring.MybatisPlusApplicationContextAware-Register ApplicationContext instances org.springframework.boot.web.servlet.context.AnnotationConfigServletWebServerApplicationContext@1524dc05
2026-04-28 21:44:16.503 [restartedMain] INFO  o.s.b.d.autoconfigure.OptionalLiveReloadServer-LiveReload server is running on port 35729
2026-04-28 21:44:16.524 [restartedMain] INFO  org.apache.coyote.http11.Http11NioProtocol-Starting ProtocolHandler ["http-nio-8080"]
2026-04-28 21:44:16.547 [restartedMain] INFO  o.s.boot.web.embedded.tomcat.TomcatWebServer-Tomcat started on port 8080 (http) with context path '/'
2026-04-28 21:44:16.565 [restartedMain] INFO  com.qk.QkApp-Started QkApp in 3.02 seconds (process running for 4.648)
2026-04-28 21:44:26.643 [http-nio-8080-exec-1] INFO  o.a.c.core.ContainerBase.[Tomcat].[localhost].[/]-Initializing Spring DispatcherServlet 'dispatcherServlet'
2026-04-28 21:44:26.644 [http-nio-8080-exec-1] INFO  org.springframework.web.servlet.DispatcherServlet-Initializing Servlet 'dispatcherServlet'
2026-04-28 21:44:26.645 [http-nio-8080-exec-1] INFO  org.springframework.web.servlet.DispatcherServlet-Completed initialization in 1 ms
2026-04-28 21:45:06.022 [http-nio-8080-exec-1] ERROR c.qk.management.handler.QkGlobalExceptionHandler-程序异常
org.mybatis.spring.MyBatisSystemException: 
### Error querying database.  Cause: org.apache.ibatis.reflection.ReflectionException: There is no getter for property named 'name' in 'class com.qk.model.dto.ActivityPage'
### Cause: org.apache.ibatis.reflection.ReflectionException: There is no getter for property named 'name' in 'class com.qk.model.dto.ActivityPage'
	at org.mybatis.spring.MyBatisExceptionTranslator.translateExceptionIfPossible(MyBatisExceptionTranslator.java:101)
	at org.mybatis.spring.SqlSessionTemplate$SqlSessionInterceptor.invoke(SqlSessionTemplate.java:347)
	at jdk.proxy2/jdk.proxy2.$Proxy76.selectList(Unknown Source)
	at org.mybatis.spring.SqlSessionTemplate.selectList(SqlSessionTemplate.java:194)
	at com.baomidou.mybatisplus.core.override.MybatisMapperMethod.executeForMany(MybatisMapperMethod.java:164)
	at com.baomidou.mybatisplus.core.override.MybatisMapperMethod.execute(MybatisMapperMethod.java:77)
	at com.baomidou.mybatisplus.core.override.MybatisMapperProxy$PlainMethodInvoker.invoke(MybatisMapperProxy.java:156)
	at com.baomidou.mybatisplus.core.override.MybatisMapperProxy.invoke(MybatisMapperProxy.java:93)
	at jdk.proxy3/jdk.proxy3.$Proxy77.selectByPageCondition(Unknown Source)
	at com.qk.management.service.impl.ActivityServiceImpl.page(ActivityServiceImpl.java:33)
	at com.qk.management.controller.ActivityController.page(ActivityController.java:27)
	at java.base/jdk.internal.reflect.DirectMethodHandleAccessor.invoke(DirectMethodHandleAccessor.java:103)
	at java.base/java.lang.reflect.Method.invoke(Method.java:580)
	at org.springframework.web.method.support.InvocableHandlerMethod.doInvoke(InvocableHandlerMethod.java:258)
	at org.springframework.web.method.support.InvocableHandlerMethod.invokeForRequest(InvocableHandlerMethod.java:191)
	at org.springframework.web.servlet.mvc.method.annotation.ServletInvocableHandlerMethod.invokeAndHandle(ServletInvocableHandlerMethod.java:118)
	at org.springframework.web.servlet.mvc.method.annotation.RequestMappingHandlerAdapter.invokeHandlerMethod(RequestMappingHandlerAdapter.java:991)
	at org.springframework.web.servlet.mvc.method.annotation.RequestMappingHandlerAdapter.handleInternal(RequestMappingHandlerAdapter.java:896)
	at org.springframework.web.servlet.mvc.method.AbstractHandlerMethodAdapter.handle(AbstractHandlerMethodAdapter.java:87)
	at org.springframework.web.servlet.DispatcherServlet.doDispatch(DispatcherServlet.java:1089)
	at org.springframework.web.servlet.DispatcherServlet.doService(DispatcherServlet.java:979)
	at org.springframework.web.servlet.FrameworkServlet.processRequest(FrameworkServlet.java:1014)
	at org.springframework.web.servlet.FrameworkServlet.doGet(FrameworkServlet.java:903)
	at jakarta.servlet.http.HttpServlet.service(HttpServlet.java:564)
	at org.springframework.web.servlet.FrameworkServlet.service(FrameworkServlet.java:885)
	at jakarta.servlet.http.HttpServlet.service(HttpServlet.java:658)
	at org.apache.catalina.core.ApplicationFilterChain.internalDoFilter(ApplicationFilterChain.java:193)
	at org.apache.catalina.core.ApplicationFilterChain.doFilter(ApplicationFilterChain.java:138)
	at org.apache.tomcat.websocket.server.WsFilter.doFilter(WsFilter.java:51)
	at org.apache.catalina.core.ApplicationFilterChain.internalDoFilter(ApplicationFilterChain.java:162)
	at org.apache.catalina.core.ApplicationFilterChain.doFilter(ApplicationFilterChain.java:138)
	at org.springframework.web.filter.RequestContextFilter.doFilterInternal(RequestContextFilter.java:100)
	at org.springframework.web.filter.OncePerRequestFilter.doFilter(OncePerRequestFilter.java:116)
	at org.apache.catalina.core.ApplicationFilterChain.internalDoFilter(ApplicationFilterChain.java:162)
	at org.apache.catalina.core.ApplicationFilterChain.doFilter(ApplicationFilterChain.java:138)
	at org.springframework.web.filter.FormContentFilter.doFilterInternal(FormContentFilter.java:93)
	at org.springframework.web.filter.OncePerRequestFilter.doFilter(OncePerRequestFilter.java:116)
	at org.apache.catalina.core.ApplicationFilterChain.internalDoFilter(ApplicationFilterChain.java:162)
	at org.apache.catalina.core.ApplicationFilterChain.doFilter(ApplicationFilterChain.java:138)
	at org.springframework.web.filter.CharacterEncodingFilter.doFilterInternal(CharacterEncodingFilter.java:201)
	at org.springframework.web.filter.OncePerRequestFilter.doFilter(OncePerRequestFilter.java:116)
	at org.apache.catalina.core.ApplicationFilterChain.internalDoFilter(ApplicationFilterChain.java:162)
	at org.apache.catalina.core.ApplicationFilterChain.doFilter(ApplicationFilterChain.java:138)
	at org.apache.catalina.core.StandardWrapperValve.invoke(StandardWrapperValve.java:165)
	at org.apache.catalina.core.StandardContextValve.invoke(StandardContextValve.java:88)
	at org.apache.catalina.authenticator.AuthenticatorBase.invoke(AuthenticatorBase.java:492)
	at org.apache.catalina.core.StandardHostValve.invoke(StandardHostValve.java:113)
	at org.apache.catalina.valves.ErrorReportValve.invoke(ErrorReportValve.java:83)
	at org.apache.catalina.core.StandardEngineValve.invoke(StandardEngineValve.java:72)
	at org.apache.catalina.connector.CoyoteAdapter.service(CoyoteAdapter.java:342)
	at org.apache.coyote.http11.Http11Processor.service(Http11Processor.java:399)
	at org.apache.coyote.AbstractProcessorLight.process(AbstractProcessorLight.java:63)
	at org.apache.coyote.AbstractProtocol$ConnectionHandler.process(AbstractProtocol.java:903)
	at org.apache.tomcat.util.net.NioEndpoint$SocketProcessor.doRun(NioEndpoint.java:1775)
	at org.apache.tomcat.util.net.SocketProcessorBase.run(SocketProcessorBase.java:52)
	at org.apache.tomcat.util.threads.ThreadPoolExecutor.runWorker(ThreadPoolExecutor.java:973)
	at org.apache.tomcat.util.threads.ThreadPoolExecutor$Worker.run(ThreadPoolExecutor.java:491)
	at org.apache.tomcat.util.threads.TaskThread$WrappingRunnable.run(TaskThread.java:63)
	at java.base/java.lang.Thread.run(Thread.java:1583)
Caused by: org.apache.ibatis.reflection.ReflectionException: There is no getter for property named 'name' in 'class com.qk.model.dto.ActivityPage'
	at org.apache.ibatis.reflection.Reflector.getGetInvoker(Reflector.java:385)
	at org.apache.ibatis.reflection.MetaClass.getGetInvoker(MetaClass.java:160)
	at org.apache.ibatis.reflection.wrapper.BeanWrapper.getBeanProperty(BeanWrapper.java:156)
	at org.apache.ibatis.reflection.wrapper.BeanWrapper.get(BeanWrapper.java:50)
	at org.apache.ibatis.reflection.MetaObject.getValue(MetaObject.java:115)
	at org.apache.ibatis.scripting.xmltags.DynamicContext$ContextMap.get(DynamicContext.java:102)
	at org.apache.ibatis.scripting.xmltags.DynamicContext$ContextAccessor.getProperty(DynamicContext.java:112)
	at org.apache.ibatis.ognl.OgnlRuntime.getProperty(OgnlRuntime.java:2352)
	at org.apache.ibatis.ognl.ASTProperty.getValueBody(ASTProperty.java:95)
	at org.apache.ibatis.ognl.SimpleNode.evaluateGetValueBody(SimpleNode.java:171)
	at org.apache.ibatis.ognl.SimpleNode.getValue(SimpleNode.java:206)
	at org.apache.ibatis.ognl.ASTNotEq.getValueBody(ASTNotEq.java:34)
	at org.apache.ibatis.ognl.SimpleNode.evaluateGetValueBody(SimpleNode.java:171)
	at org.apache.ibatis.ognl.SimpleNode.getValue(SimpleNode.java:206)
	at org.apache.ibatis.ognl.Ognl.getValue(Ognl.java:408)
	at org.apache.ibatis.ognl.Ognl.getValue(Ognl.java:383)
	at org.apache.ibatis.scripting.xmltags.OgnlCache.getValue(OgnlCache.java:47)
	at org.apache.ibatis.scripting.xmltags.ExpressionEvaluator.evaluateBoolean(ExpressionEvaluator.java:34)
	at org.apache.ibatis.scripting.xmltags.IfSqlNode.apply(IfSqlNode.java:33)
	at org.apache.ibatis.scripting.xmltags.MixedSqlNode.lambda$apply$0(MixedSqlNode.java:32)
	at java.base/java.util.ArrayList.forEach(ArrayList.java:1596)
	at org.apache.ibatis.scripting.xmltags.MixedSqlNode.apply(MixedSqlNode.java:32)
	at org.apache.ibatis.scripting.xmltags.DynamicSqlSource.getBoundSql(DynamicSqlSource.java:39)
	at org.apache.ibatis.mapping.MappedStatement.getBoundSql(MappedStatement.java:320)
	at com.github.pagehelper.PageInterceptor.intercept(PageInterceptor.java:128)
	at org.apache.ibatis.plugin.Plugin.invoke(Plugin.java:59)
	at jdk.proxy2/jdk.proxy2.$Proxy95.query(Unknown Source)
	at org.apache.ibatis.session.defaults.DefaultSqlSession.selectList(DefaultSqlSession.java:154)
	at org.apache.ibatis.session.defaults.DefaultSqlSession.selectList(DefaultSqlSession.java:147)
	at org.apache.ibatis.session.defaults.DefaultSqlSession.selectList(DefaultSqlSession.java:142)
	at java.base/jdk.internal.reflect.DirectMethodHandleAccessor.invoke(DirectMethodHandleAccessor.java:103)
	at java.base/java.lang.reflect.Method.invoke(Method.java:580)
	at org.mybatis.spring.SqlSessionTemplate$SqlSessionInterceptor.invoke(SqlSessionTemplate.java:333)
	... 57 common frames omitted
2026-04-28 21:45:06.414 [http-nio-8080-exec-1] WARN  o.s.w.s.m.m.a.ExceptionHandlerExceptionResolver-Resolved [org.mybatis.spring.MyBatisSystemException: <EOL><EOL>### Error querying database.  Cause: org.apache.ibatis.reflection.ReflectionException: There is no getter for property named 'name' in 'class com.qk.model.dto.ActivityPage'<EOL><EOL>### Cause: org.apache.ibatis.reflection.ReflectionException: There is no getter for property named 'name' in 'class com.qk.model.dto.ActivityPage']
2026-04-28 21:45:28.130 [SpringApplicationShutdownHook] INFO  o.s.boot.web.embedded.tomcat.GracefulShutdown-Commencing graceful shutdown. Waiting for active requests to complete
2026-04-28 21:45:28.143 [tomcat-shutdown] INFO  o.s.boot.web.embedded.tomcat.GracefulShutdown-Graceful shutdown complete
2026-04-28 21:46:02.248 [background-preinit] INFO  org.hibernate.validator.internal.util.Version-HV000001: Hibernate Validator 8.0.3.Final
2026-04-28 21:46:02.315 [restartedMain] INFO  com.qk.QkApp-Starting QkApp using Java 21.0.10 with PID 14244 (C:\Project\itheima-hz-01\qk-parent\qk-management\target\classes started by 33465 in C:\Project\itheima-hz-01\qk-parent)
2026-04-28 21:46:02.316 [restartedMain] INFO  com.qk.QkApp-No active profile set, falling back to 1 default profile: "default"
2026-04-28 21:46:02.383 [restartedMain] INFO  o.s.b.d.env.DevToolsPropertyDefaultsPostProcessor-Devtools property defaults active! Set 'spring.devtools.add-properties' to 'false' to disable
2026-04-28 21:46:02.383 [restartedMain] INFO  o.s.b.d.env.DevToolsPropertyDefaultsPostProcessor-For additional web related logging consider setting the 'logging.level.web' property to 'DEBUG'
2026-04-28 21:46:03.969 [restartedMain] INFO  o.s.boot.web.embedded.tomcat.TomcatWebServer-Tomcat initialized with port 8080 (http)
2026-04-28 21:46:03.985 [restartedMain] INFO  org.apache.coyote.http11.Http11NioProtocol-Initializing ProtocolHandler ["http-nio-8080"]
2026-04-28 21:46:03.988 [restartedMain] INFO  org.apache.catalina.core.StandardService-Starting service [Tomcat]
2026-04-28 21:46:03.989 [restartedMain] INFO  org.apache.catalina.core.StandardEngine-Starting Servlet engine: [Apache Tomcat/10.1.53]
2026-04-28 21:46:04.067 [restartedMain] INFO  o.a.c.core.ContainerBase.[Tomcat].[localhost].[/]-Initializing Spring embedded WebApplicationContext
2026-04-28 21:46:04.067 [restartedMain] INFO  o.s.b.w.s.c.ServletWebServerApplicationContext-Root WebApplicationContext: initialization completed in 1684 ms
2026-04-28 21:46:04.835 [restartedMain] INFO  c.b.m.e.spring.MybatisPlusApplicationContextAware-Register ApplicationContext instances org.springframework.boot.web.servlet.context.AnnotationConfigServletWebServerApplicationContext@1c2014f0
2026-04-28 21:46:05.042 [restartedMain] INFO  o.s.b.d.autoconfigure.OptionalLiveReloadServer-LiveReload server is running on port 35729
2026-04-28 21:46:05.071 [restartedMain] INFO  org.apache.coyote.http11.Http11NioProtocol-Starting ProtocolHandler ["http-nio-8080"]
2026-04-28 21:46:05.098 [restartedMain] INFO  o.s.boot.web.embedded.tomcat.TomcatWebServer-Tomcat started on port 8080 (http) with context path '/'
2026-04-28 21:46:05.109 [restartedMain] INFO  com.qk.QkApp-Started QkApp in 3.291 seconds (process running for 4.53)
2026-04-28 21:46:08.643 [http-nio-8080-exec-1] INFO  o.a.c.core.ContainerBase.[Tomcat].[localhost].[/]-Initializing Spring DispatcherServlet 'dispatcherServlet'
2026-04-28 21:46:08.643 [http-nio-8080-exec-1] INFO  org.springframework.web.servlet.DispatcherServlet-Initializing Servlet 'dispatcherServlet'
2026-04-28 21:46:08.645 [http-nio-8080-exec-1] INFO  org.springframework.web.servlet.DispatcherServlet-Completed initialization in 2 ms
2026-04-28 21:47:21.602 [http-nio-8080-exec-2] ERROR c.qk.management.handler.QkGlobalExceptionHandler-程序异常
org.mybatis.spring.MyBatisSystemException: 
### Error querying database.  Cause: org.apache.ibatis.reflection.ReflectionException: There is no getter for property named 'name' in 'class com.qk.model.dto.ActivityPage'
### Cause: org.apache.ibatis.reflection.ReflectionException: There is no getter for property named 'name' in 'class com.qk.model.dto.ActivityPage'
	at org.mybatis.spring.MyBatisExceptionTranslator.translateExceptionIfPossible(MyBatisExceptionTranslator.java:101)
	at org.mybatis.spring.SqlSessionTemplate$SqlSessionInterceptor.invoke(SqlSessionTemplate.java:347)
	at jdk.proxy2/jdk.proxy2.$Proxy76.selectList(Unknown Source)
	at org.mybatis.spring.SqlSessionTemplate.selectList(SqlSessionTemplate.java:194)
	at com.baomidou.mybatisplus.core.override.MybatisMapperMethod.executeForMany(MybatisMapperMethod.java:164)
	at com.baomidou.mybatisplus.core.override.MybatisMapperMethod.execute(MybatisMapperMethod.java:77)
	at com.baomidou.mybatisplus.core.override.MybatisMapperProxy$PlainMethodInvoker.invoke(MybatisMapperProxy.java:156)
	at com.baomidou.mybatisplus.core.override.MybatisMapperProxy.invoke(MybatisMapperProxy.java:93)
	at jdk.proxy3/jdk.proxy3.$Proxy77.selectByPageCondition(Unknown Source)
	at com.qk.management.service.impl.ActivityServiceImpl.page(ActivityServiceImpl.java:33)
	at com.qk.management.controller.ActivityController.page(ActivityController.java:27)
	at java.base/jdk.internal.reflect.DirectMethodHandleAccessor.invoke(DirectMethodHandleAccessor.java:103)
	at java.base/java.lang.reflect.Method.invoke(Method.java:580)
	at org.springframework.web.method.support.InvocableHandlerMethod.doInvoke(InvocableHandlerMethod.java:258)
	at org.springframework.web.method.support.InvocableHandlerMethod.invokeForRequest(InvocableHandlerMethod.java:191)
	at org.springframework.web.servlet.mvc.method.annotation.ServletInvocableHandlerMethod.invokeAndHandle(ServletInvocableHandlerMethod.java:118)
	at org.springframework.web.servlet.mvc.method.annotation.RequestMappingHandlerAdapter.invokeHandlerMethod(RequestMappingHandlerAdapter.java:991)
	at org.springframework.web.servlet.mvc.method.annotation.RequestMappingHandlerAdapter.handleInternal(RequestMappingHandlerAdapter.java:896)
	at org.springframework.web.servlet.mvc.method.AbstractHandlerMethodAdapter.handle(AbstractHandlerMethodAdapter.java:87)
	at org.springframework.web.servlet.DispatcherServlet.doDispatch(DispatcherServlet.java:1089)
	at org.springframework.web.servlet.DispatcherServlet.doService(DispatcherServlet.java:979)
	at org.springframework.web.servlet.FrameworkServlet.processRequest(FrameworkServlet.java:1014)
	at org.springframework.web.servlet.FrameworkServlet.doGet(FrameworkServlet.java:903)
	at jakarta.servlet.http.HttpServlet.service(HttpServlet.java:564)
	at org.springframework.web.servlet.FrameworkServlet.service(FrameworkServlet.java:885)
	at jakarta.servlet.http.HttpServlet.service(HttpServlet.java:658)
	at org.apache.catalina.core.ApplicationFilterChain.internalDoFilter(ApplicationFilterChain.java:193)
	at org.apache.catalina.core.ApplicationFilterChain.doFilter(ApplicationFilterChain.java:138)
	at org.apache.tomcat.websocket.server.WsFilter.doFilter(WsFilter.java:51)
	at org.apache.catalina.core.ApplicationFilterChain.internalDoFilter(ApplicationFilterChain.java:162)
	at org.apache.catalina.core.ApplicationFilterChain.doFilter(ApplicationFilterChain.java:138)
	at org.springframework.web.filter.RequestContextFilter.doFilterInternal(RequestContextFilter.java:100)
	at org.springframework.web.filter.OncePerRequestFilter.doFilter(OncePerRequestFilter.java:116)
	at org.apache.catalina.core.ApplicationFilterChain.internalDoFilter(ApplicationFilterChain.java:162)
	at org.apache.catalina.core.ApplicationFilterChain.doFilter(ApplicationFilterChain.java:138)
	at org.springframework.web.filter.FormContentFilter.doFilterInternal(FormContentFilter.java:93)
	at org.springframework.web.filter.OncePerRequestFilter.doFilter(OncePerRequestFilter.java:116)
	at org.apache.catalina.core.ApplicationFilterChain.internalDoFilter(ApplicationFilterChain.java:162)
	at org.apache.catalina.core.ApplicationFilterChain.doFilter(ApplicationFilterChain.java:138)
	at org.springframework.web.filter.CharacterEncodingFilter.doFilterInternal(CharacterEncodingFilter.java:201)
	at org.springframework.web.filter.OncePerRequestFilter.doFilter(OncePerRequestFilter.java:116)
	at org.apache.catalina.core.ApplicationFilterChain.internalDoFilter(ApplicationFilterChain.java:162)
	at org.apache.catalina.core.ApplicationFilterChain.doFilter(ApplicationFilterChain.java:138)
	at org.apache.catalina.core.StandardWrapperValve.invoke(StandardWrapperValve.java:165)
	at org.apache.catalina.core.StandardContextValve.invoke(StandardContextValve.java:88)
	at org.apache.catalina.authenticator.AuthenticatorBase.invoke(AuthenticatorBase.java:492)
	at org.apache.catalina.core.StandardHostValve.invoke(StandardHostValve.java:113)
	at org.apache.catalina.valves.ErrorReportValve.invoke(ErrorReportValve.java:83)
	at org.apache.catalina.core.StandardEngineValve.invoke(StandardEngineValve.java:72)
	at org.apache.catalina.connector.CoyoteAdapter.service(CoyoteAdapter.java:342)
	at org.apache.coyote.http11.Http11Processor.service(Http11Processor.java:399)
	at org.apache.coyote.AbstractProcessorLight.process(AbstractProcessorLight.java:63)
	at org.apache.coyote.AbstractProtocol$ConnectionHandler.process(AbstractProtocol.java:903)
	at org.apache.tomcat.util.net.NioEndpoint$SocketProcessor.doRun(NioEndpoint.java:1775)
	at org.apache.tomcat.util.net.SocketProcessorBase.run(SocketProcessorBase.java:52)
	at org.apache.tomcat.util.threads.ThreadPoolExecutor.runWorker(ThreadPoolExecutor.java:973)
	at org.apache.tomcat.util.threads.ThreadPoolExecutor$Worker.run(ThreadPoolExecutor.java:491)
	at org.apache.tomcat.util.threads.TaskThread$WrappingRunnable.run(TaskThread.java:63)
	at java.base/java.lang.Thread.run(Thread.java:1583)
Caused by: org.apache.ibatis.reflection.ReflectionException: There is no getter for property named 'name' in 'class com.qk.model.dto.ActivityPage'
	at org.apache.ibatis.reflection.Reflector.getGetInvoker(Reflector.java:385)
	at org.apache.ibatis.reflection.MetaClass.getGetInvoker(MetaClass.java:160)
	at org.apache.ibatis.reflection.wrapper.BeanWrapper.getBeanProperty(BeanWrapper.java:156)
	at org.apache.ibatis.reflection.wrapper.BeanWrapper.get(BeanWrapper.java:50)
	at org.apache.ibatis.reflection.MetaObject.getValue(MetaObject.java:115)
	at org.apache.ibatis.scripting.xmltags.DynamicContext$ContextMap.get(DynamicContext.java:102)
	at org.apache.ibatis.scripting.xmltags.DynamicContext$ContextAccessor.getProperty(DynamicContext.java:112)
	at org.apache.ibatis.ognl.OgnlRuntime.getProperty(OgnlRuntime.java:2352)
	at org.apache.ibatis.ognl.ASTProperty.getValueBody(ASTProperty.java:95)
	at org.apache.ibatis.ognl.SimpleNode.evaluateGetValueBody(SimpleNode.java:171)
	at org.apache.ibatis.ognl.SimpleNode.getValue(SimpleNode.java:206)
	at org.apache.ibatis.ognl.ASTNotEq.getValueBody(ASTNotEq.java:34)
	at org.apache.ibatis.ognl.SimpleNode.evaluateGetValueBody(SimpleNode.java:171)
	at org.apache.ibatis.ognl.SimpleNode.getValue(SimpleNode.java:206)
	at org.apache.ibatis.ognl.Ognl.getValue(Ognl.java:408)
	at org.apache.ibatis.ognl.Ognl.getValue(Ognl.java:383)
	at org.apache.ibatis.scripting.xmltags.OgnlCache.getValue(OgnlCache.java:47)
	at org.apache.ibatis.scripting.xmltags.ExpressionEvaluator.evaluateBoolean(ExpressionEvaluator.java:34)
	at org.apache.ibatis.scripting.xmltags.IfSqlNode.apply(IfSqlNode.java:33)
	at org.apache.ibatis.scripting.xmltags.MixedSqlNode.lambda$apply$0(MixedSqlNode.java:32)
	at java.base/java.util.ArrayList.forEach(ArrayList.java:1596)
	at org.apache.ibatis.scripting.xmltags.MixedSqlNode.apply(MixedSqlNode.java:32)
	at org.apache.ibatis.scripting.xmltags.DynamicSqlSource.getBoundSql(DynamicSqlSource.java:39)
	at org.apache.ibatis.mapping.MappedStatement.getBoundSql(MappedStatement.java:320)
	at com.github.pagehelper.PageInterceptor.intercept(PageInterceptor.java:128)
	at org.apache.ibatis.plugin.Plugin.invoke(Plugin.java:59)
	at jdk.proxy2/jdk.proxy2.$Proxy95.query(Unknown Source)
	at org.apache.ibatis.session.defaults.DefaultSqlSession.selectList(DefaultSqlSession.java:154)
	at org.apache.ibatis.session.defaults.DefaultSqlSession.selectList(DefaultSqlSession.java:147)
	at org.apache.ibatis.session.defaults.DefaultSqlSession.selectList(DefaultSqlSession.java:142)
	at java.base/jdk.internal.reflect.DirectMethodHandleAccessor.invoke(DirectMethodHandleAccessor.java:103)
	at java.base/java.lang.reflect.Method.invoke(Method.java:580)
	at org.mybatis.spring.SqlSessionTemplate$SqlSessionInterceptor.invoke(SqlSessionTemplate.java:333)
	... 57 common frames omitted
2026-04-28 21:47:21.602 [http-nio-8080-exec-1] ERROR c.qk.management.handler.QkGlobalExceptionHandler-程序异常
org.mybatis.spring.MyBatisSystemException: 
### Error querying database.  Cause: org.apache.ibatis.reflection.ReflectionException: There is no getter for property named 'name' in 'class com.qk.model.dto.ActivityPage'
### Cause: org.apache.ibatis.reflection.ReflectionException: There is no getter for property named 'name' in 'class com.qk.model.dto.ActivityPage'
	at org.mybatis.spring.MyBatisExceptionTranslator.translateExceptionIfPossible(MyBatisExceptionTranslator.java:101)
	at org.mybatis.spring.SqlSessionTemplate$SqlSessionInterceptor.invoke(SqlSessionTemplate.java:347)
	at jdk.proxy2/jdk.proxy2.$Proxy76.selectList(Unknown Source)
	at org.mybatis.spring.SqlSessionTemplate.selectList(SqlSessionTemplate.java:194)
	at com.baomidou.mybatisplus.core.override.MybatisMapperMethod.executeForMany(MybatisMapperMethod.java:164)
	at com.baomidou.mybatisplus.core.override.MybatisMapperMethod.execute(MybatisMapperMethod.java:77)
	at com.baomidou.mybatisplus.core.override.MybatisMapperProxy$PlainMethodInvoker.invoke(MybatisMapperProxy.java:156)
	at com.baomidou.mybatisplus.core.override.MybatisMapperProxy.invoke(MybatisMapperProxy.java:93)
	at jdk.proxy3/jdk.proxy3.$Proxy77.selectByPageCondition(Unknown Source)
	at com.qk.management.service.impl.ActivityServiceImpl.page(ActivityServiceImpl.java:33)
	at com.qk.management.controller.ActivityController.page(ActivityController.java:27)
	at java.base/jdk.internal.reflect.DirectMethodHandleAccessor.invoke(DirectMethodHandleAccessor.java:103)
	at java.base/java.lang.reflect.Method.invoke(Method.java:580)
	at org.springframework.web.method.support.InvocableHandlerMethod.doInvoke(InvocableHandlerMethod.java:258)
	at org.springframework.web.method.support.InvocableHandlerMethod.invokeForRequest(InvocableHandlerMethod.java:191)
	at org.springframework.web.servlet.mvc.method.annotation.ServletInvocableHandlerMethod.invokeAndHandle(ServletInvocableHandlerMethod.java:118)
	at org.springframework.web.servlet.mvc.method.annotation.RequestMappingHandlerAdapter.invokeHandlerMethod(RequestMappingHandlerAdapter.java:991)
	at org.springframework.web.servlet.mvc.method.annotation.RequestMappingHandlerAdapter.handleInternal(RequestMappingHandlerAdapter.java:896)
	at org.springframework.web.servlet.mvc.method.AbstractHandlerMethodAdapter.handle(AbstractHandlerMethodAdapter.java:87)
	at org.springframework.web.servlet.DispatcherServlet.doDispatch(DispatcherServlet.java:1089)
	at org.springframework.web.servlet.DispatcherServlet.doService(DispatcherServlet.java:979)
	at org.springframework.web.servlet.FrameworkServlet.processRequest(FrameworkServlet.java:1014)
	at org.springframework.web.servlet.FrameworkServlet.doGet(FrameworkServlet.java:903)
	at jakarta.servlet.http.HttpServlet.service(HttpServlet.java:564)
	at org.springframework.web.servlet.FrameworkServlet.service(FrameworkServlet.java:885)
	at jakarta.servlet.http.HttpServlet.service(HttpServlet.java:658)
	at org.apache.catalina.core.ApplicationFilterChain.internalDoFilter(ApplicationFilterChain.java:193)
	at org.apache.catalina.core.ApplicationFilterChain.doFilter(ApplicationFilterChain.java:138)
	at org.apache.tomcat.websocket.server.WsFilter.doFilter(WsFilter.java:51)
	at org.apache.catalina.core.ApplicationFilterChain.internalDoFilter(ApplicationFilterChain.java:162)
	at org.apache.catalina.core.ApplicationFilterChain.doFilter(ApplicationFilterChain.java:138)
	at org.springframework.web.filter.RequestContextFilter.doFilterInternal(RequestContextFilter.java:100)
	at org.springframework.web.filter.OncePerRequestFilter.doFilter(OncePerRequestFilter.java:116)
	at org.apache.catalina.core.ApplicationFilterChain.internalDoFilter(ApplicationFilterChain.java:162)
	at org.apache.catalina.core.ApplicationFilterChain.doFilter(ApplicationFilterChain.java:138)
	at org.springframework.web.filter.FormContentFilter.doFilterInternal(FormContentFilter.java:93)
	at org.springframework.web.filter.OncePerRequestFilter.doFilter(OncePerRequestFilter.java:116)
	at org.apache.catalina.core.ApplicationFilterChain.internalDoFilter(ApplicationFilterChain.java:162)
	at org.apache.catalina.core.ApplicationFilterChain.doFilter(ApplicationFilterChain.java:138)
	at org.springframework.web.filter.CharacterEncodingFilter.doFilterInternal(CharacterEncodingFilter.java:201)
	at org.springframework.web.filter.OncePerRequestFilter.doFilter(OncePerRequestFilter.java:116)
	at org.apache.catalina.core.ApplicationFilterChain.internalDoFilter(ApplicationFilterChain.java:162)
	at org.apache.catalina.core.ApplicationFilterChain.doFilter(ApplicationFilterChain.java:138)
	at org.apache.catalina.core.StandardWrapperValve.invoke(StandardWrapperValve.java:165)
	at org.apache.catalina.core.StandardContextValve.invoke(StandardContextValve.java:88)
	at org.apache.catalina.authenticator.AuthenticatorBase.invoke(AuthenticatorBase.java:492)
	at org.apache.catalina.core.StandardHostValve.invoke(StandardHostValve.java:113)
	at org.apache.catalina.valves.ErrorReportValve.invoke(ErrorReportValve.java:83)
	at org.apache.catalina.core.StandardEngineValve.invoke(StandardEngineValve.java:72)
	at org.apache.catalina.connector.CoyoteAdapter.service(CoyoteAdapter.java:342)
	at org.apache.coyote.http11.Http11Processor.service(Http11Processor.java:399)
	at org.apache.coyote.AbstractProcessorLight.process(AbstractProcessorLight.java:63)
	at org.apache.coyote.AbstractProtocol$ConnectionHandler.process(AbstractProtocol.java:903)
	at org.apache.tomcat.util.net.NioEndpoint$SocketProcessor.doRun(NioEndpoint.java:1775)
	at org.apache.tomcat.util.net.SocketProcessorBase.run(SocketProcessorBase.java:52)
	at org.apache.tomcat.util.threads.ThreadPoolExecutor.runWorker(ThreadPoolExecutor.java:973)
	at org.apache.tomcat.util.threads.ThreadPoolExecutor$Worker.run(ThreadPoolExecutor.java:491)
	at org.apache.tomcat.util.threads.TaskThread$WrappingRunnable.run(TaskThread.java:63)
	at java.base/java.lang.Thread.run(Thread.java:1583)
Caused by: org.apache.ibatis.reflection.ReflectionException: There is no getter for property named 'name' in 'class com.qk.model.dto.ActivityPage'
	at org.apache.ibatis.reflection.Reflector.getGetInvoker(Reflector.java:385)
	at org.apache.ibatis.reflection.MetaClass.getGetInvoker(MetaClass.java:160)
	at org.apache.ibatis.reflection.wrapper.BeanWrapper.getBeanProperty(BeanWrapper.java:156)
	at org.apache.ibatis.reflection.wrapper.BeanWrapper.get(BeanWrapper.java:50)
	at org.apache.ibatis.reflection.MetaObject.getValue(MetaObject.java:115)
	at org.apache.ibatis.scripting.xmltags.DynamicContext$ContextMap.get(DynamicContext.java:102)
	at org.apache.ibatis.scripting.xmltags.DynamicContext$ContextAccessor.getProperty(DynamicContext.java:112)
	at org.apache.ibatis.ognl.OgnlRuntime.getProperty(OgnlRuntime.java:2352)
	at org.apache.ibatis.ognl.ASTProperty.getValueBody(ASTProperty.java:95)
	at org.apache.ibatis.ognl.SimpleNode.evaluateGetValueBody(SimpleNode.java:171)
	at org.apache.ibatis.ognl.SimpleNode.getValue(SimpleNode.java:206)
	at org.apache.ibatis.ognl.ASTNotEq.getValueBody(ASTNotEq.java:34)
	at org.apache.ibatis.ognl.SimpleNode.evaluateGetValueBody(SimpleNode.java:171)
	at org.apache.ibatis.ognl.SimpleNode.getValue(SimpleNode.java:206)
	at org.apache.ibatis.ognl.Ognl.getValue(Ognl.java:408)
	at org.apache.ibatis.ognl.Ognl.getValue(Ognl.java:383)
	at org.apache.ibatis.scripting.xmltags.OgnlCache.getValue(OgnlCache.java:47)
	at org.apache.ibatis.scripting.xmltags.ExpressionEvaluator.evaluateBoolean(ExpressionEvaluator.java:34)
	at org.apache.ibatis.scripting.xmltags.IfSqlNode.apply(IfSqlNode.java:33)
	at org.apache.ibatis.scripting.xmltags.MixedSqlNode.lambda$apply$0(MixedSqlNode.java:32)
	at java.base/java.util.ArrayList.forEach(ArrayList.java:1596)
	at org.apache.ibatis.scripting.xmltags.MixedSqlNode.apply(MixedSqlNode.java:32)
	at org.apache.ibatis.scripting.xmltags.DynamicSqlSource.getBoundSql(DynamicSqlSource.java:39)
	at org.apache.ibatis.mapping.MappedStatement.getBoundSql(MappedStatement.java:320)
	at com.github.pagehelper.PageInterceptor.intercept(PageInterceptor.java:128)
	at org.apache.ibatis.plugin.Plugin.invoke(Plugin.java:59)
	at jdk.proxy2/jdk.proxy2.$Proxy95.query(Unknown Source)
	at org.apache.ibatis.session.defaults.DefaultSqlSession.selectList(DefaultSqlSession.java:154)
	at org.apache.ibatis.session.defaults.DefaultSqlSession.selectList(DefaultSqlSession.java:147)
	at org.apache.ibatis.session.defaults.DefaultSqlSession.selectList(DefaultSqlSession.java:142)
	at java.base/jdk.internal.reflect.DirectMethodHandleAccessor.invoke(DirectMethodHandleAccessor.java:103)
	at java.base/java.lang.reflect.Method.invoke(Method.java:580)
	at org.mybatis.spring.SqlSessionTemplate$SqlSessionInterceptor.invoke(SqlSessionTemplate.java:333)
	... 57 common frames omitted
2026-04-28 21:47:21.659 [SpringApplicationShutdownHook] INFO  o.s.boot.web.embedded.tomcat.GracefulShutdown-Commencing graceful shutdown. Waiting for active requests to complete
2026-04-28 21:47:21.695 [http-nio-8080-exec-1] WARN  o.s.w.s.m.m.a.ExceptionHandlerExceptionResolver-Resolved [org.mybatis.spring.MyBatisSystemException: <EOL><EOL>### Error querying database.  Cause: org.apache.ibatis.reflection.ReflectionException: There is no getter for property named 'name' in 'class com.qk.model.dto.ActivityPage'<EOL><EOL>### Cause: org.apache.ibatis.reflection.ReflectionException: There is no getter for property named 'name' in 'class com.qk.model.dto.ActivityPage']
2026-04-28 21:47:21.695 [http-nio-8080-exec-2] WARN  o.s.w.s.m.m.a.ExceptionHandlerExceptionResolver-Resolved [org.mybatis.spring.MyBatisSystemException: <EOL><EOL>### Error querying database.  Cause: org.apache.ibatis.reflection.ReflectionException: There is no getter for property named 'name' in 'class com.qk.model.dto.ActivityPage'<EOL><EOL>### Cause: org.apache.ibatis.reflection.ReflectionException: There is no getter for property named 'name' in 'class com.qk.model.dto.ActivityPage']
2026-04-28 21:47:21.721 [tomcat-shutdown] INFO  o.s.boot.web.embedded.tomcat.GracefulShutdown-Graceful shutdown complete
2026-04-28 21:47:25.337 [background-preinit] INFO  org.hibernate.validator.internal.util.Version-HV000001: Hibernate Validator 8.0.3.Final
2026-04-28 21:47:25.388 [restartedMain] INFO  com.qk.QkApp-Starting QkApp using Java 21.0.10 with PID 18456 (C:\Project\itheima-hz-01\qk-parent\qk-management\target\classes started by 33465 in C:\Project\itheima-hz-01\qk-parent)
2026-04-28 21:47:25.388 [restartedMain] INFO  com.qk.QkApp-No active profile set, falling back to 1 default profile: "default"
2026-04-28 21:47:25.433 [restartedMain] INFO  o.s.b.d.env.DevToolsPropertyDefaultsPostProcessor-Devtools property defaults active! Set 'spring.devtools.add-properties' to 'false' to disable
2026-04-28 21:47:25.434 [restartedMain] INFO  o.s.b.d.env.DevToolsPropertyDefaultsPostProcessor-For additional web related logging consider setting the 'logging.level.web' property to 'DEBUG'
2026-04-28 21:47:26.700 [restartedMain] INFO  o.s.boot.web.embedded.tomcat.TomcatWebServer-Tomcat initialized with port 8080 (http)
2026-04-28 21:47:26.713 [restartedMain] INFO  org.apache.coyote.http11.Http11NioProtocol-Initializing ProtocolHandler ["http-nio-8080"]
2026-04-28 21:47:26.714 [restartedMain] INFO  org.apache.catalina.core.StandardService-Starting service [Tomcat]
2026-04-28 21:47:26.715 [restartedMain] INFO  org.apache.catalina.core.StandardEngine-Starting Servlet engine: [Apache Tomcat/10.1.53]
2026-04-28 21:47:26.778 [restartedMain] INFO  o.a.c.core.ContainerBase.[Tomcat].[localhost].[/]-Initializing Spring embedded WebApplicationContext
2026-04-28 21:47:26.778 [restartedMain] INFO  o.s.b.w.s.c.ServletWebServerApplicationContext-Root WebApplicationContext: initialization completed in 1344 ms
2026-04-28 21:47:27.376 [restartedMain] INFO  c.b.m.e.spring.MybatisPlusApplicationContextAware-Register ApplicationContext instances org.springframework.boot.web.servlet.context.AnnotationConfigServletWebServerApplicationContext@71634637
2026-04-28 21:47:27.534 [restartedMain] INFO  o.s.b.d.autoconfigure.OptionalLiveReloadServer-LiveReload server is running on port 35729
2026-04-28 21:47:27.551 [restartedMain] INFO  org.apache.coyote.http11.Http11NioProtocol-Starting ProtocolHandler ["http-nio-8080"]
2026-04-28 21:47:27.567 [restartedMain] INFO  o.s.boot.web.embedded.tomcat.TomcatWebServer-Tomcat started on port 8080 (http) with context path '/'
2026-04-28 21:47:27.573 [restartedMain] INFO  com.qk.QkApp-Started QkApp in 2.574 seconds (process running for 3.571)
2026-04-28 21:47:34.503 [http-nio-8080-exec-2] INFO  o.a.c.core.ContainerBase.[Tomcat].[localhost].[/]-Initializing Spring DispatcherServlet 'dispatcherServlet'
2026-04-28 21:47:34.504 [http-nio-8080-exec-2] INFO  org.springframework.web.servlet.DispatcherServlet-Initializing Servlet 'dispatcherServlet'
2026-04-28 21:47:34.507 [http-nio-8080-exec-2] INFO  org.springframework.web.servlet.DispatcherServlet-Completed initialization in 3 ms
2026-04-28 21:47:34.789 [http-nio-8080-exec-2] INFO  com.zaxxer.hikari.HikariDataSource-HikariPool-1 - Starting...
2026-04-28 21:47:35.350 [http-nio-8080-exec-2] INFO  com.zaxxer.hikari.pool.HikariPool-HikariPool-1 - Added connection com.mysql.cj.jdbc.ConnectionImpl@77064486
2026-04-28 21:47:35.352 [http-nio-8080-exec-2] INFO  com.zaxxer.hikari.HikariDataSource-HikariPool-1 - Start completed.
2026-04-28 21:47:45.854 [SpringApplicationShutdownHook] INFO  o.s.boot.web.embedded.tomcat.GracefulShutdown-Commencing graceful shutdown. Waiting for active requests to complete
2026-04-28 21:47:45.865 [tomcat-shutdown] INFO  o.s.boot.web.embedded.tomcat.GracefulShutdown-Graceful shutdown complete
2026-04-28 21:47:45.870 [SpringApplicationShutdownHook] INFO  com.zaxxer.hikari.HikariDataSource-HikariPool-1 - Shutdown initiated...
2026-04-28 21:47:45.877 [SpringApplicationShutdownHook] INFO  com.zaxxer.hikari.HikariDataSource-HikariPool-1 - Shutdown completed.
